id,gpa,gre,camp_prob,camp
1,3.96,159,0.22357965774338054,0
2,3.68,155,0.3276106497588624,1
3,3.81,158,0.25504732408828845,1
4,2.93,157,0.3630880521373034,0
5,3.57,155,0.33108895843288083,1
6,3.45,156,0.32876971828325297,0
7,3.73,152,0.38058746648963393,1
8,2.94,147,0.5577830745931038,1
9,3.62,163,0.17507552223173073,0
10,3.12,149,0.49748035258904955,1
11,3.44,157,0.3062837858545104,0
12,3.34,147,0.5233502866426124,0
13,3.38,147,0.5093132031418244,1
14,2.97,148,0.5348022667869066,1
15,3.66,155,0.3288792148905095,1
16,3.52,147,0.497609452319901,1
17,3.69,148,0.45920081038659066,0
18,3.8,152,0.371820599324181,0
19,3.08,149,0.5058833194168316,1
20,2.72,140,0.7152553356215696,0
21,2.89,145,0.5984167420942813,1
22,3.15,151,0.4491097973043061,0
23,3.68,146,0.5072728280553229,0
24,2.63,147,0.5792324582235777,0
25,3.79,150,0.4193901143943104,1
26,3.15,159,0.2922080581521271,0
27,3.36,153,0.4015811049139231,0
28,2.87,143,0.6454381622113916,1
29,3.52,156,0.3162872650600692,0
30,2.96,142,0.6557320361946517,1
31,3.31,150,0.46805226674867617,0
32,3.81,149,0.4345072647571064,1
33,3.09,148,0.5214131067120992,1
34,3.16,143,0.5973376291646584,0
35,3.17,156,0.3549427391095036,0
36,3.55,147,0.4989924672070008,0
37,3.29,143,0.5993335280279557,1
38,3.59,152,0.39241507070910087,0
39,3.61,164,0.15343223021650942,1
40,3.9,163,0.15119763528353178,0
41,3.21,157,0.3312848308963293,0
42,3.24,151,0.44670884430652047,1
43,2.4,151,0.5347914221698503,0
44,3.95,166,0.07627207506923057,0
45,3.67,144,0.544995784961789,1
46,3.1,140,0.6809240344137427,1
47,1.84,130,1,1
48,2.86,138,0.7378406557269342,1
49,3.97,154,0.3089418863132135,0
50,3.42,153,0.3921731999286305,0
51,2.63,143,0.6628653040982063,1
52,2.97,141,0.6712966221465445,1
53,3.1,142,0.6383246139418481,0
54,3.03,151,0.47046591473491306,0
55,3.85,152,0.37168995982488573,0
56,2.41,141,0.7169065288933731,0
57,3.6,146,0.5080606156339951,1
58,3.34,159,0.2765053900847099,0
59,3.6,152,0.393564150603136,1
60,3.81,161,0.1954016604194291,0
61,3.62,164,0.1512499712303387,0
62,3.89,157,0.2712060110073286,0
63,3.2,151,0.4528903446423842,1
64,3.56,150,0.4380837760471683,1
65,3.48,152,0.39896892174153453,1
66,2.98,159,0.3177820221780891,0
67,3.23,143,0.6031416595781259,1
68,3.27,149,0.48859311615066164,0
69,3.91,163,0.14514078949200215,0
70,2.96,135,0.7929547111422675,0
71,3.91,152,0.36508070529512604,0
72,2.78,148,0.5531470585287391,1
73,3.74,166,0.09855870122256816,0
74,3.8,155,0.3096814033412763,0
75,2.62,146,0.6032762568311959,1
76,2.34,142,0.7063774150514329,1
77,3,140,0.6867692607841078,0
78,2.75,151,0.48701531899304945,1
79,3.51,151,0.42040184291200217,0
80,3.2,151,0.44914834889725525,0
81,4,159,0.21219878118940275,0
82,3.61,157,0.29056480427390197,0
83,3.68,158,0.26374540649838457,0
84,2.66,156,0.4021048191919041,0
85,3.8,163,0.1598487489129912,0
86,3.15,147,0.5332218372319455,1
87,3.51,150,0.434230106596751,1
88,3.58,150,0.4349054780683467,0
89,3.64,157,0.28128215210613156,0
90,3.24,153,0.40756222942525283,0
91,3.49,158,0.29025051697967025,1
92,3.2,145,0.5687093106095159,1
93,2.99,145,0.5890326988699822,0
94,3.44,160,0.24465829800701366,0
95,3.02,152,0.46029633857490665,0
96,2.44,139,0.7623944342023717,1
97,3.97,159,0.21596511636133198,0
98,2.93,139,0.7089521129360766,1
99,3.76,156,0.29695796613646025,1
100,3.49,159,0.2687228990950901,0
101,3.26,147,0.5263130403564954,1
102,3.48,152,0.4047980381107192,1
103,3.31,142,0.6190462746676524,1
104,3.6,155,0.333159341027581,0
105,2.9,144,0.6237021748305833,1
106,3.61,159,0.25295534693427835,0
107,3.47,137,0.6973792984335382,1
108,3.66,162,0.18772153945986098,1
109,3.69,153,0.36133277239595,1
110,3.2,148,0.509661723234289,0
111,3.89,157,0.26607019181128183,0
112,3.74,152,0.38113675505267197,0
113,2.72,135,0.8113487706319562,0
114,3.03,143,0.6268701117625071,0
115,3.36,148,0.49059457720182076,0
116,2.14,148,0.6197316271987883,0
117,3.49,148,0.476834516895994,0
118,3.22,149,0.48676520265212425,0
119,3.72,161,0.20205246201304208,1
120,3.22,151,0.44974509266173046,1
121,3.6,164,0.15128832947622736,0
122,3.78,157,0.2753540828602697,0
123,3.98,154,0.3122535637202524,0
124,3.33,152,0.4225817383341862,1
125,3.6,145,0.5261918884451062,0
126,3,139,0.7097989869125698,1
127,3.08,146,0.5661177835411818,0
128,3.22,147,0.5233075679491102,0
129,3.5,146,0.5270903256805535,1
130,2.6,146,0.6042540660267605,0
131,3.6,141,0.6102274374581708,0
132,3.63,155,0.33395796057771715,0
133,2.56,140,0.7338935920260883,1
134,3.73,152,0.379822721412462,0
135,3.63,157,0.2889906549261323,1
136,3.47,156,0.32391295609930437,0
137,3.96,145,0.4937058396141586,0
138,3.7,158,0.26588887934519495,0
139,3.33,159,0.28315079886554934,0
140,3.52,158,0.28181705027091475,0
141,3.74,154,0.33741805386642515,1
142,3.34,156,0.33768228181970794,1
143,3.45,147,0.5090475353217107,0
144,3.38,147,0.5095575553364073,0
145,3,155,0.39785412476027737,1
146,3.51,155,0.34316273108787,0
147,3.55,152,0.39662396687037443,1
148,3.61,151,0.41296489504620787,1
149,2.85,146,0.5824795534419096,1
150,3.96,153,0.32961020557889453,1
151,2.97,145,0.5936844185144822,1
152,3.1,141,0.656006707674931,1
153,3.94,153,0.3391832351560927,0
154,3.3,155,0.35969342589507625,0
155,3.06,149,0.5069250509211852,0
156,3.19,154,0.39414825373467227,0
157,3.18,157,0.33503940748440925,0
158,3.75,152,0.37735865850495937,1
159,3.04,152,0.4496442369720986,0
160,2.96,144,0.6137017027321939,0
161,3.88,156,0.28337321701271445,1
162,3.65,155,0.32342607929071754,1
163,3.67,147,0.48006356687666696,1
164,2.91,151,0.47404175654922404,1
165,3.92,156,0.2869181015245519,0
166,3.94,153,0.3405108053019292,0
167,2.27,135,0.858586957914854,1
168,2.85,135,0.7859282669355003,1
169,3.74,164,0.1343047218702544,0
170,3.6,153,0.37420196431838215,0
171,3.49,155,0.34432333685905686,0
172,3.51,165,0.14058639624714211,1
173,3.94,160,0.1999708145979472,1
174,4,149,0.4164020849563931,1
175,3.05,157,0.34762477775989514,0
176,3.53,155,0.33360941713832876,0
177,3.74,146,0.4932724772694936,0
178,3.5,147,0.49656950649581305,1
179,3.69,155,0.3207539955282871,1
180,3.02,144,0.607161296597925,0
181,2.36,144,0.6770049664839702,0
182,2.93,149,0.5089976652646512,1
183,3.9,150,0.40349242131620094,0
184,3.13,155,0.37731651646492803,1
185,2.5,151,0.5129171384552556,1
186,3.09,144,0.5993637416583774,0
187,3.49,148,0.4814533633916072,1
188,3.3,151,0.4401006156616158,1
189,3.83,164,0.13302486509420522,0
190,3.36,156,0.33691852421571233,0
191,3.35,149,0.4766543679455337,1
192,3.15,149,0.4945595396320659,0
193,3.67,158,0.2644750788444881,1
194,3.53,151,0.4234390401330492,1
195,3.5,160,0.25065777864559896,0
196,3.44,161,0.23659280128903185,0
197,3.66,159,0.250109535012387,0
198,3.58,152,0.40463412447688446,0
199,3.76,150,0.414557453457353,0
200,3,147,0.5557819685965824,0
201,3.69,158,0.26550269361004286,0
202,3.42,143,0.5764819511496488,1
203,3.88,146,0.48180731907305446,1
204,3.52,160,0.24028799505739554,0
205,2.42,139,0.7687131513435373,0
206,3.26,151,0.4467420746921577,1
207,3.28,160,0.26523815542101153,0
208,3.46,142,0.598556926348995,1
209,2.97,149,0.5143783436992709,1
210,3.54,151,0.4192060918574002,0
211,3.59,143,0.5671454802770022,1
212,3.4,161,0.23559857573101442,0
213,3.62,147,0.4806263986563099,0
214,3.27,145,0.5550955268415745,1
215,3.37,146,0.5308608611604781,1
216,3.85,156,0.2938767382775163,1
217,3.47,147,0.5073594369281272,0
218,3.2,142,0.6210953307362123,1
219,3.18,148,0.5081514189333814,0
220,3.41,158,0.2929030528624001,1
221,3.79,161,0.1991450106565604,1
222,3.87,164,0.12203598003916297,1
223,3.23,150,0.46153296803976446,1
224,3.65,157,0.2833863308648215,0
225,3.25,141,0.6408000843873116,1
226,2.9,141,0.670415178937959,0
227,2.66,147,0.5848549889171435,1
228,2.56,142,0.6899782491978025,1
229,3.23,145,0.5746007421613326,0
230,3.77,154,0.33535125159584933,1
231,3.24,148,0.5045431893978483,0
232,3.76,168,0.06242088567597389,0
233,3.44,148,0.48369680689740996,1
234,3.7,159,0.25195857681577605,0
235,3.97,151,0.3771954889479662,1
236,2.71,141,0.6927801034887918,1
237,3.83,150,0.41069257567251105,1
238,3.23,142,0.6222046484266263,1
239,3.91,156,0.2836627876965065,1
240,2.92,153,0.4347986554853195,1
241,2.87,145,0.6052553081034199,1
242,3.33,149,0.48082186674326033,1
243,3.76,151,0.3924636873659634,1
244,3.87,153,0.3467055155825873,1
245,2.68,130,0.915938669774412,1
246,3.47,148,0.4815878760124231,0
247,3.97,165,0.09678536494636034,0
248,3.47,154,0.36565611514248786,1
249,2.99,154,0.414077941112414,1
250,3.53,160,0.23937389317391702,0
251,3.42,158,0.29136730131551436,0
252,3.05,150,0.4925974379851005,0
253,3.21,154,0.38985215016280883,1
254,3.69,148,0.4701302801452346,0
255,2.08,143,0.722947865470276,1
256,3.03,145,0.5896383471485199,1
257,3.27,145,0.5623178777539373,0
258,2.9,145,0.5989482140256196,1
259,2.91,143,0.6322648799009313,0
260,3.11,136,0.7532839588765926,1
261,3.83,155,0.3004706296889357,0
262,3.77,151,0.3879422556528524,0
263,3.92,159,0.2281137748555587,0
264,3.94,153,0.3357225177689479,0
265,3,141,0.6666409158552971,0
266,3.89,155,0.31142851772756697,0
267,2.92,142,0.6583113319693361,0
268,3.82,158,0.25108105995799923,0
269,3.54,148,0.4789988396310463,0
270,3.86,163,0.15211602968720453,0
271,3.8,156,0.2906452418309764,0
272,3.95,154,0.31757554977120217,0
273,3.24,138,0.711367414592249,0
274,3.94,145,0.48748882680785216,0
275,3.23,149,0.48451343190644686,0
276,3.65,157,0.29098422612004116,1
277,3.31,153,0.4072344036962538,1
278,3.08,156,0.36091902298209205,1
279,3.81,160,0.21689598941604804,0
280,3.88,163,0.14982215286579517,0
281,3.78,157,0.2804752915226823,0
282,3.85,150,0.4134196660107396,0
283,3.06,144,0.6005357014192501,0
284,3.94,156,0.2799309118775351,1
285,3.44,152,0.405416433877466,1
286,3.18,141,0.6472586989397022,1
287,3.5,158,0.28435361659482167,0
288,3.09,140,0.6797059910815579,0
289,3.1,151,0.45393956032044297,0
290,3.59,147,0.4926187750044473,0
291,3.5,154,0.36721676168349493,0
292,3.12,154,0.398222974519085,0
293,3.49,152,0.4027808458810936,1
294,3.98,151,0.37249872638648707,1
295,3.99,151,0.3713063491074729,1
296,3.95,157,0.26253418591771005,0
297,3.41,152,0.4156869918577378,0
298,3.81,152,0.3679681128999797,1
299,3.32,150,0.45406983518517124,1
300,2.84,139,0.7166733165107502,0
301,2.53,147,0.5967424298041722,0
302,3.82,165,0.11370260305402012,0
303,3.59,156,0.31122472128786133,0
304,3.18,153,0.41486017328327685,0
305,2.79,146,0.5878972437734837,1
306,3.22,150,0.47403820393772733,0
307,3.48,150,0.4411066874071702,0
308,3.72,154,0.3392603785419834,0
309,3.61,147,0.4877440102172974,1
310,3.42,151,0.43002801736286317,0
311,3.71,153,0.36034120725991425,1
312,3.53,155,0.33511514032566775,0
313,3.23,151,0.44965335516309984,0
314,3.48,155,0.35583507933027037,0
315,3.84,162,0.17286453361907797,0
316,3.52,151,0.4209208565541677,1
317,3.49,158,0.28534258688291386,1
318,3.72,157,0.2797074922955808,0
319,3.38,154,0.37456636875166804,0
320,3.61,148,0.4733189742470122,0
321,3.33,148,0.48737871796945315,1
322,3.08,157,0.3449785053280131,0
323,2.89,145,0.5987700998191441,0
324,3.55,147,0.4956594860714722,1
325,3.64,159,0.2544066971473002,0
326,3.29,148,0.49864946898327983,1
327,3.43,151,0.430640609056461,1
328,3.99,150,0.39125204757556353,0
329,2.98,152,0.44970726975769837,0
330,3.65,152,0.39177045072005695,0
331,3.48,165,0.1475483931067007,0
332,3.22,145,0.5735160363747906,1
333,3.17,156,0.3518114807102554,0
334,2.79,134,0.8226875474679847,1
335,3.95,163,0.1475590479003963,0
336,3.8,152,0.3736672967724352,0
337,3.19,151,0.4494250249976443,1
338,2.87,147,0.5637480063635655,1
339,3.78,158,0.254249449514535,1
340,3.92,150,0.3990353788912468,1
341,2.31,143,0.6947113739955957,1
342,2.94,142,0.653637502041408,1
343,3.66,150,0.4243921189008866,0
344,3,142,0.6468683038423412,1
345,2.71,153,0.46143881736508713,1
346,3.66,162,0.19015731702743785,0
347,3.19,158,0.31621815903468636,0
348,3.3,160,0.2723193426823096,0
349,2.84,153,0.44453110281823327,1
350,3.02,140,0.68749138241655,0
351,2.87,151,0.4851025143770578,0
352,2.81,140,0.7095439946604711,1
353,3.68,149,0.449686205495772,1
354,3.67,158,0.26714635465286246,0
355,3.21,143,0.6067763214913762,1
356,2.53,131,0.9105359146559364,1
357,2.52,141,0.7112439247689448,0
358,2.94,152,0.46032106002027245,0
359,3.31,152,0.42463361879376443,1
360,2.49,141,0.7187063697649609,1
361,3.74,152,0.37984790965158705,1
362,3.78,158,0.2554130286031683,0
363,3.32,157,0.31601400873943913,1
364,3.83,146,0.4917560297439902,1
365,3.07,144,0.6064240677252877,0
366,3.68,149,0.4485293825505582,0
367,3,155,0.3944783649343302,1
368,3.46,158,0.2945317811566875,0
369,3.56,152,0.39538087055536003,0
370,3.25,151,0.4389392203125285,0
371,3.72,166,0.10998489916570389,0
372,2.88,141,0.6811111724558092,1
373,3.41,147,0.5103758953205514,1
374,3.33,147,0.5217729203419897,0
375,3.5,155,0.34824820120415945,1
376,3.69,147,0.48533332213130337,0
377,3.3,141,0.6389386478925618,1
378,3.56,153,0.3755312467452267,0
379,3.41,161,0.2351764239542794,0
380,2.56,150,0.5284931925599818,0
381,3.6,159,0.2588595211200662,0
382,2.78,138,0.7442292085723148,1
383,3.43,146,0.5227117540257454,0
384,3.37,150,0.4510788105681398,1
385,3.29,153,0.4029726922312051,1
386,3.29,149,0.4830375160719134,0
387,3.48,164,0.16880286659858185,0
388,2.82,144,0.6269514035092428,1
389,3.81,149,0.4238099214067634,1
390,3.15,150,0.4726509823251715,0
391,3.1,142,0.634143701910905,1
392,3.49,153,0.38942734651263,0
393,2.91,144,0.6242549283575449,1
394,3.31,155,0.3568827435388727,1
395,3.85,157,0.26736231273577543,0
396,3.44,163,0.19347151310116695,1
397,2.84,156,0.3919407505783866,0
398,3.77,149,0.4293732335294771,1
399,3.42,154,0.36985692019266847,0
400,3.93,165,0.10620596369895852,0
401,4,168,0.039304172337212104,0
402,3.8,158,0.2573869794496087,0
403,3.27,152,0.42595025341894377,0
404,2.55,148,0.5704174949541868,1
405,3.77,154,0.3351315321497292,0
406,2.73,150,0.5150787537895257,1
407,2.64,140,0.7228887998406552,0
408,3.53,152,0.4002513310292766,0
409,3.32,150,0.4530827454352039,0
410,3.93,162,0.16135357390588137,0
411,3.75,162,0.18375191230559926,1
412,3.79,165,0.12106268678052398,0
413,3.06,144,0.6056555872167895,1
414,2.93,155,0.4051267878499561,0
415,3.43,155,0.35069188844926424,1
416,3.73,159,0.24103670114727188,0
417,3.23,143,0.6020987737107263,1
418,3.51,160,0.24361294458741192,1
419,3.42,161,0.23887725366776744,1
420,3.56,158,0.28444203418697045,0
421,3.02,143,0.6301627950289246,0
422,3.45,144,0.5622388724072586,1
423,3.36,151,0.44194714000223967,0
424,2.47,135,0.8351134613645239,1
425,3.28,156,0.34922839212908763,0
426,3.8,153,0.35910341663403283,1
427,3.58,144,0.5561575003837671,1
428,3.29,155,0.35737922753820706,0
429,2.94,150,0.49497367578007206,0
430,3.41,151,0.43474438375414354,0
431,2.79,144,0.6291066142007913,0
432,2.71,143,0.6544343633457869,0
433,2.43,149,0.5641598444266673,1
434,3.22,150,0.4649041700879076,0
435,3.77,143,0.5527632209491062,0
436,3.36,146,0.5348334946865462,1
437,3.47,142,0.6021764104522233,0
438,2.52,133,0.8771382631159226,1
439,3.62,159,0.25264062072835636,1
440,3.75,144,0.5336033815946027,0
441,3.91,153,0.3450130543354961,0
442,2.89,150,0.502208451806025,0
443,3.81,159,0.2336212853004134,1
444,3.15,152,0.43672202695997336,1
445,3.68,144,0.5434501542266177,1
446,3.81,146,0.4864014671328451,0
447,2.44,146,0.6214710967877016,0
448,3.3,148,0.4995269461610423,1
449,3.54,154,0.35554983595436773,0
450,3.42,157,0.3074147024616092,0
451,3.97,166,0.08274057412349384,0
452,3.46,150,0.450960708264852,0
453,3.37,148,0.49996980134030167,0
454,3.39,154,0.37379940996674504,0
455,2.95,144,0.6133455200424243,1
456,3.92,144,0.520317173466429,1
457,2.53,133,0.8719726345224542,1
458,3.41,143,0.5824190168951798,0
459,3.44,143,0.5830813622576658,1
460,3.12,158,0.3188441875676149,0
461,2.28,135,0.859678838409443,1
462,3.2,154,0.3901524503781679,1
463,3.71,162,0.18515039630870028,0
464,3.66,147,0.47912077204372683,0
465,3.19,145,0.5664657414636143,1
466,3.73,153,0.35916567914568864,0
467,4,159,0.2211757636540121,0
468,3.39,161,0.2273233418182938,0
469,3.71,153,0.36540752514968655,0
470,3.58,152,0.3971206297136923,0
471,3.37,154,0.37038751595168024,0
472,3.52,160,0.24610694529046565,0
473,3.18,142,0.6269612233680055,1
474,2.64,146,0.6044520821084344,1
475,3.76,151,0.3995055872098545,0
476,3.14,141,0.6512458082609335,1
477,3.09,144,0.5908108500738732,0
478,3.35,152,0.42217818982494887,0
479,3.91,154,0.32640910854592947,0
480,3.76,156,0.2975766279435386,1
481,3.72,145,0.5194509277428067,1
482,3.82,150,0.4004743471112138,0
483,3.93,163,0.14453645082676592,0
484,3.77,153,0.3539605385564888,0
485,3.81,146,0.49575554542928596,1
486,3.14,147,0.5352156447470572,0
487,3.44,149,0.4640735566391315,0
488,3.61,156,0.3215817457192268,1
489,2.92,148,0.5411796899469292,0
490,2.95,154,0.4186811053786566,0
491,3.32,150,0.4549191683440969,0
492,3.71,154,0.34143233590892674,0
493,3.82,154,0.32717550073044704,1
494,3.13,146,0.5514860664508138,1
495,3.97,152,0.35043679730532257,1
496,2.82,157,0.37105838197884367,1
497,3.27,144,0.5800074846015244,1
498,3.7,144,0.5420111612363817,1
499,3.92,153,0.3367983455338055,0
500,3.41,146,0.5322104774413502,0
501,3.7,149,0.4395205026253767,1
502,3.16,149,0.49562400240869625,0
503,3.37,152,0.41237334668672165,1
504,3.29,149,0.4894973539221282,1
505,3.38,141,0.6302245431378145,1
506,2.86,146,0.5823933265200274,1
507,3.68,152,0.38677149443769737,0
508,3.25,153,0.3997117162804985,1
509,3.9,150,0.4046336758428414,1
510,3.89,152,0.3571459001247886,0
511,3.08,144,0.607295338952259,1
512,3.72,145,0.5131763960695728,0
513,3.8,152,0.3645004516995088,0
514,3.6,162,0.19687752763496322,0
515,3.5,146,0.5187240714786869,1
516,3.03,142,0.6471867759642195,1
517,3.76,145,0.5154163990389974,1
518,3.97,161,0.17696156040491434,0
519,3.81,148,0.44898506578713243,0
520,3.62,156,0.30985585536063753,0
521,3.26,146,0.5471260869829548,0
522,2.8,144,0.6283314486486828,0
523,2.9,147,0.559514704622792,1
524,3.34,154,0.37624034234844034,0
525,3.45,160,0.24690690241577914,1
526,3.99,151,0.37135587929165054,0
527,3.08,158,0.31705197287062703,0
528,3.66,156,0.3054738118572625,0
529,3.67,156,0.3075716741791999,0
530,3.75,154,0.33336025742406983,0
531,3.79,148,0.4568702503862835,1
532,3.25,149,0.48853817120164617,1
533,3.62,151,0.4136476883431984,0
534,3.96,156,0.2744814121350606,0
535,3.89,164,0.12615246165953634,0
536,2.88,151,0.4872313304926443,0
537,3.81,159,0.23298789375560608,0
538,3.18,150,0.48045370796358333,1
539,3.76,145,0.5156640242163305,0
540,3.36,143,0.5935035047421461,1
541,3.78,160,0.21777012400449525,0
542,3.51,153,0.37630033753502157,0
543,2.66,144,0.6385696350903158,1
544,2.63,145,0.6314310909959013,1
545,2.98,147,0.5515973205203877,0
546,3.3,146,0.5397404324227792,1
547,3.22,144,0.5889151291063944,1
548,3.31,161,0.24617597121696164,0
549,2.84,148,0.541082860597308,0
550,3.22,146,0.5429647643843556,1
551,3.26,153,0.402330391756348,0
552,3.5,164,0.16880671418042195,0
553,3.38,154,0.3774367857008416,0
554,3.44,141,0.624769978276717,1
555,2.79,150,0.5108457931217737,1
556,2.5,140,0.7371054950896174,1
557,2.77,149,0.5230532331105672,0
558,3.66,147,0.4810661395199692,0
559,3.25,153,0.4050386857713382,1
560,3.67,158,0.2648196649720805,1
561,3.05,150,0.4867548496437693,1
562,2.4,147,0.6125290737897607,0
563,3.92,163,0.14210727416180824,0
564,3.75,145,0.5208662838176099,0
565,3.17,159,0.292091497352142,0
566,3.36,151,0.42981583318154654,0
567,3.3,148,0.49992911206964347,0
568,3.64,158,0.27084657179617255,1
569,2.87,146,0.582193054319463,0
570,3.33,141,0.6359935729792769,1
571,3.2,140,0.6729701472339337,1
572,3.07,155,0.3875428402581488,0
573,3.94,159,0.2213457153598164,0
574,3.13,154,0.3991145109921164,1
575,3.28,153,0.41215104606207925,0
576,3.52,142,0.5998481907634491,1
577,2.65,136,0.7988128532814285,0
578,3.19,151,0.46045000260202457,1
579,3.65,165,0.12443489603678183,0
580,3.68,145,0.5197215281273574,1
581,3.43,155,0.3623034346978312,0
582,3.87,154,0.3266796413722901,0
583,3.25,143,0.6056491199242208,1
584,3.19,156,0.35467509571237527,1
585,3.16,151,0.45416828905199363,0
586,3.31,147,0.5206080173056048,0
587,3.2,152,0.4341535332676643,1
588,3.2,154,0.38874161851178146,1
589,2.46,138,0.7849778828196835,1
590,2.63,137,0.7842782171308801,1
591,3.03,144,0.6070869390983705,0
592,2.95,155,0.3995696286708812,0
593,2.55,149,0.5651286558765455,0
594,3.04,152,0.44114350062865765,0
595,3.58,143,0.5687313648215134,0
596,3.55,155,0.3385284154259973,0
597,3.81,143,0.554288625992183,0
598,3.63,159,0.2537064028394908,0
599,3.51,160,0.2475936317731875,0
600,2.8,155,0.41052681778291067,1
601,2.42,142,0.7055471332332753,1
602,3.02,142,0.6536004273378868,1
603,3.46,152,0.40176517857617755,1
604,2.51,145,0.6352650843527704,0
605,3.46,151,0.42343710225230324,1
606,3.79,150,0.4141391063893455,0
607,3.68,147,0.48462025346536514,0
608,3.69,155,0.320834238717574,0
609,3.46,159,0.271849744326413,0
610,3.64,152,0.3840916672534876,1
611,2.79,144,0.6226944917471962,1
612,2.96,142,0.6535246407231852,1
613,2.91,145,0.5987088618462906,1
614,3.17,136,0.7482908496097239,1
615,3.77,160,0.22102855842977454,0
616,3.36,162,0.21437034479751085,0
617,2.94,152,0.4628201965562668,1
618,3.83,146,0.4818700280713851,0
619,3.5,160,0.24264766813912983,0
620,2.82,154,0.4274870287595314,1
621,3.36,155,0.36288771367001915,0
622,3.88,163,0.15156156653699876,0
623,3.4,157,0.31801179965651116,0
624,3.42,159,0.2741180985422515,0
625,3.33,145,0.5579394678560409,0
626,3.28,146,0.5402855781369799,1
627,3.86,158,0.2388299249467562,0
628,3.17,152,0.4411012822136552,1
629,3.52,149,0.46333911829339913,1
630,3.06,140,0.6824289389962729,1
631,3.49,154,0.36409517987322976,0
632,3.53,154,0.3600242246815996,0
633,3.22,156,0.35112545726859107,1
634,3.22,144,0.5890766383854534,0
635,3.3,156,0.34368773094778876,0
636,3.09,142,0.6392983752743554,0
637,3.33,143,0.5984278168660858,0
638,2.4,142,0.7099714047087601,1
639,2.43,149,0.5688036961483843,1
640,2.77,151,0.4920136763791483,1
641,2.94,153,0.43554884279621375,0
642,2.93,146,0.5788753465594395,1
643,3.88,147,0.46593565673704623,1
644,3.47,154,0.36540875542266654,0
645,3.6,154,0.3486372122229153,0
646,3.92,153,0.3438350306335315,1
647,3.58,150,0.43739691069469727,0
648,3.37,148,0.4911020588604247,1
649,2.77,147,0.566214688531506,1
650,3.73,154,0.3388011518137868,0
651,3.96,166,0.07382645802999734,0
652,3.29,138,0.7026005869750854,1
653,3.58,147,0.491184365355615,1
654,2.96,150,0.49512175361018884,1
655,2.96,138,0.7289649017555035,1
656,3.59,151,0.4154810464336358,0
657,3.35,158,0.30216723843411286,0
658,3.55,158,0.27795032006841797,1
659,3.51,145,0.5379761555356586,0
660,3.9,151,0.3841512409174253,0
661,3.82,163,0.1511782724135479,1
662,3.31,145,0.5574732669318078,0
663,3.1,143,0.6084849567486978,0
664,3.42,159,0.26643411820430024,1
665,3.49,153,0.383736911599666,1
666,2.92,152,0.4611015583647448,0
667,4,160,0.1929991402699401,0
668,3.31,142,0.6164249006997851,1
669,1.79,142,0.7634469562091153,1
670,3.6,156,0.32043826857410546,1
671,3.15,152,0.4330148609787579,1
672,3.6,153,0.3702460589301022,0
673,3.36,146,0.5380580145037488,1
674,3.76,167,0.08165298485946906,1
675,3.29,150,0.4652828752184626,1
676,2.73,139,0.7360309444039794,0
677,3.83,146,0.48328135571278547,0
678,3.8,150,0.4145415326573941,1
679,2.61,140,0.7259802134802815,0
680,2.95,152,0.45616519375374937,1
681,3.4,157,0.3145825473512451,0
682,3.7,159,0.24701055736081098,0
683,2.45,133,0.8816598439362776,1
684,3.5,154,0.36553293916184876,1
685,3.51,152,0.4046437166414678,1
686,3.49,153,0.381974381811231,0
687,3.4,154,0.37568818620616046,0
688,2.94,146,0.5786995196278678,1
689,3.2,141,0.6434182964625115,1
690,2.36,149,0.5720753537460157,1
691,3.85,151,0.38983967481394616,1
692,3.12,153,0.4200415626424575,0
693,3.46,148,0.4940199958765803,1
694,3.43,153,0.3854419023054883,0
695,3.73,150,0.4164333692971305,0
696,3.61,153,0.37641460949201583,1
697,2.96,138,0.7328141016077249,1
698,3.25,141,0.6361873329950293,0
699,3.5,153,0.38747516162996026,1
700,3.55,159,0.2647317025669568,1
701,3.04,153,0.4350327956529275,0
702,3.84,159,0.22677296782479503,0
703,3.69,149,0.44574878383926164,1
704,3.24,153,0.40760442449742795,0
705,3.18,148,0.51180176252377,1
706,3.38,145,0.5526067290207669,1
707,2.79,159,0.32957755527827454,1
708,3.76,154,0.33562263904058154,1
709,3.61,153,0.37441486676838626,0
710,2.34,135,0.8536408063502289,1
711,3.05,138,0.7220782901335322,0
712,3.95,145,0.49078363811970677,0
713,4,155,0.2998367905998383,0
714,3.22,154,0.3868433557391638,0
715,3.49,146,0.5202918556326691,0
716,3.07,141,0.6637217343556114,1
717,3.53,150,0.440386923815567,1
718,3.88,149,0.42413484681390307,1
719,3.96,154,0.3123398504219936,0
720,2.51,147,0.5918454830067721,1
721,2.85,157,0.36975368573424233,1
722,3.65,150,0.43016476237856754,1
723,3.06,148,0.5298173566350332,1
724,3.41,152,0.40882736727749236,1
725,3.5,149,0.4582880378195088,1
726,2.79,147,0.5747602410109699,0
727,2.57,140,0.727775221725622,1
728,2.64,133,0.8603062162477044,1
729,3.23,152,0.4289112837018644,0
730,3.54,156,0.3204712000341769,1
731,2.57,149,0.5578226461012831,1
732,2.92,151,0.47734291844480936,0
733,3.48,159,0.2738937276750936,0
734,3.13,154,0.3963881138295726,0
735,3.21,156,0.3558746171889431,0
736,2.88,146,0.5866527790167834,1
737,3.68,164,0.14932194356783857,0
738,3.85,153,0.3550800998641621,1
739,3.7,165,0.12561791763120445,0
740,3.93,150,0.39401333498790064,0
741,2.74,138,0.7535263158549047,1
742,3.86,157,0.2647568788773576,1
743,3.82,159,0.23048196275715283,1
744,3.32,152,0.4127539728620419,0
745,3.07,141,0.6579040651424415,1
746,3.19,139,0.6898596005713961,1
747,3.49,153,0.37854916212763545,0
748,2.14,136,0.8542703081049474,1
749,3.87,153,0.3432664142120782,1
750,3.66,156,0.31331952670697455,0
751,2.63,144,0.6514346469150497,1
752,3.48,156,0.32230738159200983,0
753,3.95,148,0.43624828187289816,1
754,3.7,150,0.41990324874361484,0
755,3.68,145,0.5275885343617344,0
756,2.91,144,0.6164672846414458,1
757,3.52,154,0.36178914791932903,1
758,3.88,157,0.2670351576698678,0
759,2.57,151,0.5155556915174276,0
760,3.01,142,0.6475387704471713,1
761,2.87,149,0.5098416763704264,0
762,3.69,157,0.2813354988924349,1
763,3.55,148,0.47335409859277106,0
764,3.96,163,0.1428865965232427,1
765,3.89,161,0.18930330673446844,1
766,3.42,149,0.46845555064949296,0
767,3.6,154,0.358601158899021,0
768,3.25,148,0.5067817143836175,0
769,2.7,150,0.5193809008887704,0
770,3.05,153,0.4231947631921218,0
771,3.24,157,0.32355216800745595,1
772,3.89,160,0.2078761796783698,0
773,3.67,152,0.3870563940512837,0
774,3.29,156,0.34253746101476523,0
775,3.96,150,0.38981004902407007,1
776,3.44,159,0.27129434427206117,0
777,3.72,162,0.1828718355755396,0
778,3.75,157,0.2770199133139011,1
779,3.66,160,0.22982113584838923,0
780,3.84,155,0.31366912340756964,1
781,2.48,148,0.5766428681073439,1
782,3.13,148,0.5222934836317346,1
783,3.14,142,0.6328764724349667,1
784,3.13,147,0.5343516343620149,0
785,3.24,157,0.32572775908637636,1
786,3.3,155,0.3668543967369867,1
787,3.94,164,0.12123937716657737,1
788,3.41,149,0.468125223428185,1
789,3.38,149,0.4738144381767095,0
790,2.98,139,0.7093330964443154,0
791,3.43,147,0.5093417400828508,0
792,3.38,162,0.21778403898503348,0
793,3.75,149,0.4338566690248658,0
794,3.01,150,0.49073901264600367,0
795,3.11,156,0.36208732384307374,1
796,3.69,154,0.3396898671223964,0
797,3.45,147,0.5033611995749994,0
798,3.63,165,0.13352327435601075,0
799,3.64,149,0.44293365937848006,0
800,3.49,147,0.49663686239717914,1
801,3.18,151,0.44097083217562344,0
802,3.06,147,0.5437315227211037,1
803,3.2,149,0.4868984923371629,1
804,3.72,163,0.16657866231646407,0
805,2.67,138,0.7599319721023055,0
806,3.13,149,0.5012230077880594,0
807,2.97,142,0.65410427503029,1
808,2.88,146,0.5824542291576517,1
809,3.78,160,0.21636741298463702,0
810,3.57,153,0.37911051678636215,1
811,3.48,163,0.19108204092114392,0
812,3.64,158,0.26755531960946655,0
813,3.56,155,0.33404736136437146,1
814,3.87,157,0.2749147922940018,1
815,2.35,144,0.6745932575406842,1
816,2.82,145,0.6070404189808831,1
817,3.8,152,0.37205647405851344,1
818,2.39,143,0.686042958009131,1
819,3.29,146,0.5418754318131461,0
820,3.57,153,0.37855713113529355,1
821,3.63,148,0.46755816398060845,1
822,3.77,160,0.21592893214961503,0
823,3.82,152,0.37878284376854693,0
824,3.31,148,0.499505059274333,1
825,3.55,155,0.3341120917856653,0
826,3.33,153,0.4009940419142027,0
827,3.83,155,0.3093331272690398,0
828,3.19,144,0.5893025774561275,0
829,3.87,161,0.18715847612202197,0
830,3.62,162,0.18911894771168228,0
831,3.91,158,0.24647897731954788,1
832,3.71,155,0.3238604771267081,0
833,3.73,152,0.37601653481343655,0
834,3.42,148,0.48856734666509943,1
835,3.47,160,0.24899734015442973,1
836,3.83,155,0.310932527904835,1
837,3.31,143,0.601495898936788,0
838,3.89,167,0.06988048631206348,0
839,3.77,149,0.433654032576083,0
840,3.52,158,0.27872108023330494,0
841,2.5,144,0.6613290520505288,1
842,3.15,146,0.5531311643074038,0
843,3.23,145,0.5654137039078383,1
844,3.43,162,0.20894620619593465,0
845,2.71,154,0.4441638505453865,0
846,3.37,150,0.4574539353463253,0
847,2.99,142,0.6457375605599697,1
848,3.03,144,0.6069118821712847,1
849,3.37,152,0.41754345724917047,1
850,3.42,143,0.5869735110968447,1
851,3.52,145,0.5373517018733777,0
852,3.83,157,0.27648082402803076,0
853,3.35,159,0.2824870943192455,0
854,3.65,156,0.3097912627329201,0
855,3.26,153,0.40231199864633915,1
856,3.79,150,0.40563857119600466,0
857,3.39,147,0.5167307058051571,0
858,3.76,161,0.20021577181919145,0
859,3.11,146,0.5614608861273452,1
860,3.33,149,0.47408621383387456,0
861,3.6,152,0.39308211108200475,0
862,3.23,147,0.5290019943062213,1
863,3.28,156,0.3397411043473957,1
864,3.05,140,0.6858298782256026,1
865,3.35,148,0.4926956861842641,0
866,3.44,159,0.2751495450562047,0
867,3.5,146,0.5251255094756073,1
868,2.64,147,0.5907951466884309,1
869,3.77,164,0.13999855738042988,0
870,2.95,150,0.48978224189161274,1
871,3.23,149,0.4909929295582846,0
872,3.24,162,0.22608848755775515,0
873,3.25,150,0.47581401625363645,1
874,3.06,143,0.6228810806114682,0
875,3.52,159,0.26168933794224486,0
876,3.43,146,0.5270709973193147,1
877,3.74,149,0.43813528451987466,0
878,3.85,162,0.1677503068618754,0
879,3.58,161,0.21481786790987636,0
880,3.8,147,0.47552744516704526,0
881,3.6,156,0.3075173960674478,0
882,2.4,134,0.8700442260062019,1
883,3.35,149,0.47516300178419546,0
884,3.87,159,0.22837126162118276,1
885,3.98,161,0.17512325836709017,0
886,3.52,151,0.4164704395359354,1
887,2.99,150,0.49307049008451337,0
888,3.31,152,0.41571234389652967,0
889,3.09,154,0.4049587456729452,0
890,3.11,151,0.4589679888844744,0
891,3.63,161,0.22136080024027044,0
892,3.49,161,0.22596233391773085,1
893,3.54,151,0.4127661848700777,1
894,3.2,155,0.373395880095714,0
895,3,150,0.48919382851799237,1
896,3.15,143,0.6142707730817394,1
897,3.09,152,0.4369531345597171,0
898,3.99,161,0.17401483919852836,0
899,3.82,146,0.4859100661891317,0
900,3.42,157,0.31385314635013284,0
901,3.18,152,0.43184904357311,0
902,3.43,151,0.42419804890572804,0
903,3.49,155,0.34403555218981563,1
904,2.66,154,0.44071709947871623,1
905,3.66,155,0.3282910992024504,0
906,3.26,139,0.6840060659788196,1
907,2.9,145,0.6094151451293796,1
908,3.4,151,0.4269812650366103,1
909,3.74,149,0.43516343507540195,0
910,3.93,158,0.23835017985899543,0
911,2.32,136,0.8304851028641589,0
912,3.33,153,0.4046761206009433,0
913,3.49,143,0.5794247547929724,1
914,2.94,156,0.3819519590216954,1
915,3.14,140,0.6801323185383179,1
916,3.58,164,0.15970598336995792,0
917,3.78,159,0.23507183179794433,0
918,3.16,145,0.5620920313549056,0
919,3.59,151,0.41006700532382423,1
920,3.35,158,0.2958573350652757,0
921,3.33,144,0.571023160190372,1
922,3.77,153,0.36124156660453555,1
923,3.14,160,0.2809475207964453,0
924,2.82,149,0.5243431702281767,1
925,3.35,146,0.5322346821223745,0
926,3.44,147,0.5051538138176158,1
927,3.08,147,0.5376877482823236,0
928,3.14,142,0.6299340387298763,1
929,2.95,153,0.4376924551660108,1
930,3.94,154,0.31634775605126936,0
931,3.68,151,0.40772842373337986,1
932,3.28,153,0.40062862117739134,1
933,3.83,153,0.3463454556202176,0
934,3.59,147,0.4983149466970831,0
935,3.9,164,0.1302468649481771,0
936,3.11,152,0.4420844003498977,0
937,3.65,145,0.5271255948360959,0
938,3.35,156,0.3357659474659424,1
939,2.95,152,0.4598354255777345,0
940,2.67,141,0.7009811388638144,1
941,3.69,149,0.44722685879265367,0
942,3.3,156,0.3434913245421525,0
943,3.75,149,0.4429214333007627,0
944,3.24,140,0.6698302351512948,1
945,2.98,149,0.5131969752587602,1
946,3.94,157,0.26121839980577566,1
947,3.65,151,0.414602753402019,1
948,3.48,144,0.5624021864654392,0
949,3.01,150,0.48829544803787933,1
950,3.42,161,0.23889955639552338,0
951,3.29,149,0.480802051917076,0
952,3.79,151,0.3957066848357412,1
953,3.14,139,0.6933299094306355,0
954,3.75,165,0.11923651145334081,0
955,3.01,143,0.6230149640936103,1
956,3.93,150,0.4019947587846499,1
957,2.97,150,0.49702610329139074,1
958,2.84,150,0.5073078221959063,0
959,2.55,131,0.9100294859247855,1
960,3.22,147,0.5266518539743097,1
961,2.94,157,0.3543368937613448,0
962,2.85,150,0.5110188775436996,1
963,2.96,136,0.7722347924396595,1
964,3.11,155,0.37736393872138946,0
965,3.26,154,0.38715832510232456,0
966,3.07,136,0.7576144310335238,1
967,3.26,143,0.6039783872900891,0
968,2.72,147,0.5738497800787441,0
969,3.83,161,0.19401145024379107,0
970,3,151,0.47094440842630136,0
971,3.76,150,0.41451386832870163,1
972,3.71,154,0.3365953603570462,1
973,3.98,162,0.15695249710050047,0
974,3.55,146,0.5144653326197655,0
975,3.84,152,0.3722486561308021,1
976,2.82,151,0.4939682320336968,0
977,3.08,147,0.538023506342747,0
978,3.66,158,0.2755044811474953,0
979,3.54,148,0.48094558567368995,0
980,3.84,166,0.09399615744998471,0
981,3.54,154,0.3628608789261738,0
982,3.54,150,0.4354916891529367,0
983,3.55,158,0.27619273485918866,0
984,3.43,144,0.5687680338350878,1
985,3.25,144,0.5874213064152423,1
986,3.63,144,0.5474826733611496,1
987,2.98,136,0.768407608564914,1
988,3.12,149,0.49927660696392256,1
989,2.82,148,0.548619601809637,1
990,3.54,146,0.5224005468613604,1
991,2.31,140,0.7649358653516958,0
992,3.31,149,0.4826981503194621,1
993,3.77,157,0.2776540188171916,0
994,3.61,148,0.4583688580092248,1
995,3.42,142,0.6048025469280472,0
996,3.39,140,0.6494927122109247,0
997,3.96,153,0.33419738374382046,0
998,3.98,157,0.24890420129406615,0
999,3.73,152,0.38120386732788325,0
1000,3.27,153,0.4046128003527045,0
1001,2.57,138,0.7692517399862931,1
1002,3.33,147,0.5207160481226302,0
1003,3.92,151,0.38302933860452226,1
1004,3.24,143,0.6037717848344752,0
1005,3.24,146,0.5479348474892052,1
1006,3.56,153,0.3817522401650385,0
1007,3.31,146,0.5402852769741266,1
1008,3.95,159,0.21763849070694627,0
1009,3.55,155,0.34254671283064103,0
1010,2.75,151,0.4948208195606722,1
1011,3.61,145,0.5282801513612057,0
1012,3.48,144,0.5647709455731206,1
1013,3.25,148,0.4973994021895481,1
1014,2.53,146,0.6209620140678588,1
1015,3.78,154,0.333911153140234,0
1016,3.98,157,0.25362199566655785,0
1017,3.74,148,0.4597536342112954,1
1018,3.17,151,0.4532657938533543,1
1019,2.82,148,0.5454258503269868,0
1020,3.63,157,0.2927655413927947,0
1021,3.83,156,0.2894237752370408,1
1022,3.28,150,0.4564173369324074,0
1023,3.07,147,0.5446794548340016,0
1024,3.74,154,0.33953209330455175,0
1025,3.48,152,0.40493773860216087,1
1026,3.51,158,0.28647106727305033,1
1027,3.95,156,0.2818278372701806,0
1028,3.72,151,0.3999781987468745,0
1029,3.41,140,0.6473132432484785,1
1030,2.89,153,0.4444446158789411,1
1031,3.14,142,0.6398590555384879,1
1032,3.25,146,0.5469019597200745,0
1033,3.59,148,0.47236862053589324,0
1034,3.7,153,0.3637786771519979,0
1035,3.44,160,0.25328683296522403,0
1036,3.97,162,0.15985584804197867,0
1037,3.46,154,0.36545005689814963,0
1038,3.76,158,0.2526019035317394,0
1039,2.17,142,0.7256718861412753,0
1040,3.04,152,0.4479528136426901,1
1041,3.84,161,0.1864427575178531,0
1042,3.93,147,0.4584592834923473,1
1043,3.44,156,0.3337288156144325,1
1044,3.59,145,0.5363322063629875,0
1045,3.05,138,0.7261343103762296,0
1046,3.83,152,0.365603096179484,1
1047,3.34,148,0.4961645856470304,1
1048,3.54,159,0.2636134308361615,0
1049,3.37,138,0.6839001298952987,0
1050,3.91,153,0.3487413545929362,1
1051,2.94,143,0.6382099870048176,0
1052,3.41,153,0.3901430336527638,0
1053,2.3,145,0.6613274593101055,1
1054,3.9,153,0.3407863578291345,1
1055,3.78,154,0.3396549538586464,0
1056,3.41,146,0.5323378955319213,0
1057,3.42,153,0.3907718521769378,0
1058,3.73,162,0.17936560616662278,0
1059,3.99,147,0.45615750081122514,1
1060,3.03,149,0.5060511882209413,1
1061,3.21,149,0.4806582075935647,1
1062,2.76,142,0.6655699309625319,1
1063,3.27,154,0.3835196296775523,1
1064,3.2,154,0.3881959143441775,0
1065,3.12,151,0.4592241828280598,0
1066,3.1,152,0.44032650116641375,1
1067,2.6,142,0.6883579918465657,1
1068,3.77,145,0.5127708958847269,1
1069,3.81,160,0.21893860993102907,1
1070,3.81,156,0.2975775666318567,0
1071,3.15,145,0.5739291552671526,1
1072,3.63,149,0.4493182813073148,0
1073,3.87,150,0.4004309356581347,0
1074,3.49,141,0.6185729404856953,0
1075,3.6,151,0.41211758094230844,0
1076,3.57,159,0.2559729943756704,1
1077,2.89,146,0.5761930614958825,1
1078,2.79,138,0.7455266337466537,1
1079,2.94,140,0.6959469004381353,1
1080,3.46,153,0.3872234707998885,1
1081,3.24,145,0.567432406387696,1
1082,3.88,156,0.28015958946126646,0
1083,2.75,151,0.5010656221989411,0
1084,3.06,147,0.5466204274881274,1
1085,3.99,156,0.27090123007548744,0
1086,3.12,144,0.5959738561606122,1
1087,3.47,158,0.28984250346663826,0
1088,3.03,142,0.650853248545619,1
1089,3.9,166,0.0877702607405232,0
1090,3.34,152,0.4152151478028495,0
1091,2.99,150,0.4958789426211849,0
1092,2.89,137,0.7547993347769508,1
1093,3.96,162,0.15931649385655064,1
1094,2.62,138,0.7686050854734386,1
1095,2.77,150,0.5194692600180064,1
1096,2.9,154,0.42536442305082933,1
1097,3.27,142,0.6247027325873395,1
1098,3.94,161,0.18303120115266225,0
1099,2.59,139,0.7437848565057703,1
1100,3.42,150,0.4512817212734273,1
1101,2.84,138,0.7373608571661096,1
1102,3.9,158,0.2499396188383469,0
1103,3.46,150,0.4386637233842778,0
1104,3.94,154,0.3149732231553098,1
1105,3.83,146,0.48247233641455906,1
1106,3.79,153,0.35309415593379856,1
1107,3.54,144,0.5578254831152551,1
1108,3.26,148,0.502383444631266,0
1109,3.66,155,0.32219217545426776,1
1110,3.84,152,0.3673443649134459,0
1111,3.3,142,0.6194917516474592,1
1112,2.25,143,0.7036731180964302,1
1113,3.7,160,0.2263487327270848,0
1114,3.46,143,0.584564131537552,1
1115,3.73,154,0.3385215531633043,1
1116,3.1,161,0.2590581282437982,1
1117,3.62,159,0.24430693217632385,0
1118,2.63,149,0.5517980950011672,1
1119,3.28,155,0.362421526623779,0
1120,3.38,147,0.51345434735439055,0
1121,2.38,144,0.6710799015551303,1
1122,2.78,149,0.5335803402350162,1
1123,3.68,156,0.3070479295193382,0
1124,3.61,149,0.4477311061278403,0
1125,3.67,152,0.3980495314723391,0
1126,2.64,150,0.5269876677893555,0
1127,3.79,158,0.26198934002687196,1
1128,2.38,142,0.711946424038184,1
1129,3.53,146,0.5212031688081751,1
1130,3.79,160,0.21437139152154108,0
1131,3.96,149,0.4126171636951363,1
1132,3.48,156,0.32458962191567425,0
1133,3.81,153,0.3561994244825779,0
1134,3.69,150,0.41971138271769265,1
1135,3.61,148,0.47003060691383236,0
1136,3.39,158,0.29003061104197075,1
1137,3.46,155,0.34479689261868757,0
1138,3.74,151,0.39829153783226984,1
1139,3.34,156,0.34190091553243424,0
1140,3.6,155,0.33437436033306506,0
1141,3.65,153,0.3701012875123984,0
1142,3.69,150,0.41709625540879625,1
1143,3.2,139,0.6877259859344025,1
1144,3.13,157,0.33704856482835815,0
1145,3.76,163,0.1622690156050341,0
1146,3.6,154,0.35607949217022106,0
1147,3.29,152,0.4286154181231599,0
1148,3.58,154,0.34556439107099374,1
1149,3.73,161,0.19790861834060242,1
1150,3.79,159,0.23012524445682822,1
1151,3.55,154,0.3570977356136543,0
1152,3.3,153,0.39894299624996876,0
1153,3.72,154,0.3398304291579584,1
1154,2.75,152,0.466781809116239,1
1155,3.76,150,0.4217553466508598,0
1156,3.98,149,0.4150047402641685,1
1157,3.58,153,0.379220410779779,0
1158,3.25,158,0.306525459268761,0
1159,3.87,151,0.38397412058078983,1
1160,2.35,133,0.8948468241061895,1
1161,3.06,152,0.44641643198095043,0
1162,3.27,137,0.7218087206503393,1
1163,3.88,154,0.3283748901024712,1
1164,3.22,148,0.5111235556586954,1
1165,3.23,144,0.5848077194710042,1
1166,3.55,146,0.5156533376178388,1
1167,3.39,143,0.584410092175553,1
1168,3.96,145,0.49119128011876384,0
1169,2.91,141,0.6677735516309904,0
1170,3,154,0.41526405311987996,0
1171,3.25,146,0.5381640132995356,0
1172,3.23,153,0.4051814889929814,1
1173,3.32,149,0.4783540114857443,0
1174,3.4,149,0.4736785077802105,1
1175,3.27,142,0.6279304605848793,1
1176,2.93,151,0.47078322023965624,1
1177,3.84,155,0.3048891190071439,1
1178,2.99,152,0.45422169256264,0
1179,3.2,137,0.7273107400697288,1
1180,3.61,143,0.5611345580106364,0
1181,3.52,153,0.380369225851534,0
1182,3.69,155,0.3174168338550977,0
1183,2.84,142,0.6767102954653187,1
1184,3.6,152,0.39966124045306584,1
1185,3.27,143,0.6100661232362005,0
1186,3.34,161,0.2486169468440117,0
1187,3.54,140,0.6328736133379725,1
1188,2.87,155,0.3984113206817991,1
1189,3.67,155,0.32217063918779476,0
1190,4,151,0.3727387226924137,0
1191,3.59,153,0.3728076194048656,0
1192,3.36,139,0.6776294210214305,0
1193,2.62,143,0.6670836333854536,1
1194,2.86,142,0.6605132220647665,0
1195,3.72,154,0.3468873647948888,0
1196,3.28,144,0.5828986372845532,1
1197,2.7,148,0.5617793376631799,1
1198,2.97,145,0.5894462625554558,1
1199,3.97,151,0.36590787875626346,1
1200,3.22,143,0.6039571447874094,0
1201,2.89,145,0.6007965044040393,1
1202,3.12,143,0.6184028645066406,0
1203,2.86,142,0.6643865597531917,1
1204,3.63,157,0.2883540988605474,0
1205,3.14,157,0.3449289924444334,1
1206,2.97,140,0.6862880554996128,0
1207,3.33,152,0.41971465807759933,0
1208,3.68,155,0.32167365184304997,1
1209,3.74,150,0.41693962771884596,0
1210,3.13,148,0.5221360233440091,1
1211,3.74,164,0.14770839287055973,0
1212,3.44,151,0.42174527551101787,1
1213,2.55,140,0.7310083837842558,0
1214,3.61,153,0.3711042305065892,1
1215,3.46,163,0.19132565359655437,0
1216,3.97,154,0.309442009000301,0
1217,3.5,153,0.38069360245369077,1
1218,3.77,160,0.20940229152546144,1
1219,2.42,139,0.766060968362289,1
1220,3.73,151,0.38822002779067916,0
1221,2.72,141,0.7041187339642332,1
1222,3.35,148,0.4996744528787168,0
1223,3.92,147,0.4597024336895008,1
1224,3.14,146,0.5547260050357196,0
1225,3.16,151,0.4578229918841924,1
1226,3.22,144,0.5805778829208735,1
1227,3.48,145,0.5376547114648134,0
1228,3.27,147,0.5180974001159544,0
1229,3.34,159,0.2797493839259009,1
1230,3.83,146,0.4828480671870799,1
1231,3.91,156,0.2825509577010929,0
1232,3.28,158,0.30351236179621055,0
1233,3.43,151,0.4361732114678353,1
1234,3.45,156,0.32818972700161303,0
1235,4,158,0.23833030662735813,0
1236,2.58,145,0.625256144870688,1
1237,3.72,148,0.4564679716410782,1
1238,3.91,164,0.12408444758844475,0
1239,2.9,149,0.5159924037614257,0
1240,3.02,151,0.4695385558293327,0
1241,3.89,158,0.24125737480097847,0
1242,3.06,152,0.4451096769177119,1
1243,3.52,156,0.31556572100423624,0
1244,2.64,144,0.6403890652410131,1
1245,3.18,151,0.4541982462316004,1
1246,3.86,158,0.24978007825424575,1
1247,2.84,149,0.5275249304154426,0
1248,2.88,138,0.7457760210579567,1
1249,3.7,151,0.3967554246230208,0
1250,3.39,146,0.5325466713916789,1
1251,3.09,142,0.6387007678789858,1
1252,3.95,157,0.25915723110156613,1
1253,3.18,149,0.49761366893775427,1
1254,3.44,149,0.4701891652863634,0
1255,3.59,152,0.39918412557221417,1
1256,2.75,154,0.43420162741805257,0
1257,3.76,153,0.3586160969273639,0
1258,3.3,138,0.6961203377986918,0
1259,3.91,151,0.3770327592823368,1
1260,3.78,154,0.33103547646959197,0
1261,3.61,165,0.13087819852428748,0
1262,3.85,161,0.19571302280993647,0
1263,3.7,156,0.30476278450399136,1
1264,3.83,143,0.5479160313371687,0
1265,3.82,167,0.07741509873316818,0
1266,3.64,150,0.4289752071419623,0
1267,3.44,153,0.3860085941697243,0
1268,3.78,153,0.35131058398087817,1
1269,3.22,154,0.39067140397912414,0
1270,3.25,146,0.5498165695942548,0
1271,3.49,147,0.4978854813863387,1
1272,3.87,146,0.48482943079084123,1
1273,3.73,154,0.34924701675702396,1
1274,3.54,151,0.42492256341278767,1
1275,3.69,149,0.4395216604681813,0
1276,3.41,155,0.35741050050086703,1
1277,3.3,154,0.37718965408584626,0
1278,2.69,140,0.7144316232490733,1
1279,3.54,150,0.4425680396957738,0
1280,3.45,151,0.41954916295030126,0
1281,3.63,154,0.3430785040104805,0
1282,3.07,150,0.4772734581782261,1
1283,3.1,160,0.280070731193593,0
1284,3.38,152,0.4161582421466619,0
1285,3.51,163,0.18548875430700892,0
1286,2.66,142,0.6826215481846809,1
1287,3.77,162,0.17874326821617098,0
1288,3.9,162,0.16724226983872334,0
1289,3.8,160,0.22137252124058762,0
1290,2.54,143,0.6730158425757319,0
1291,3.56,158,0.27355699412549617,1
1292,3.29,147,0.5214624208519671,1
1293,3.43,156,0.32327642499087084,0
1294,3.63,155,0.3296642427343386,0
1295,3.63,149,0.448288582980925,0
1296,3.18,145,0.5717189971992731,0
1297,3.55,145,0.5359047412869818,0
1298,3.48,153,0.3829288947961547,0
1299,3.68,154,0.3496344409674871,0
1300,3.03,145,0.5900177318910869,0
1301,3.76,157,0.2797361597522226,0
1302,3.31,150,0.4581636346564992,0
1303,3.32,146,0.5374479482304446,1
1304,3.36,148,0.49045919681090827,0
1305,2.84,140,0.7034711772839753,1
1306,2.9,149,0.5230196332665081,0
1307,3.02,157,0.3514430646111428,1
1308,3.74,149,0.4304989523242375,0
1309,3.03,156,0.3735931862461634,0
1310,2.99,145,0.5948085851674689,1
1311,3.15,150,0.47702118120384673,1
1312,3.55,151,0.41767918742222787,1
1313,2.74,145,0.6147116005502014,1
1314,3.57,149,0.4562063581872133,0
1315,3.41,153,0.39385944550764707,0
1316,3.95,160,0.2006273159562087,0
1317,3.66,156,0.303608449436311,0
1318,3.45,154,0.36161855259279807,1
1319,3.22,150,0.46807959581976427,1
1320,3.34,150,0.4545102689323411,1
1321,3.03,155,0.3883442335237989,1
1322,3.85,161,0.1822587539188182,0
1323,3.25,154,0.38339200630496023,1
1324,3.76,156,0.2960421109934935,0
1325,3.84,155,0.31044983662979164,0
1326,3.61,155,0.33295545394417814,0
1327,3.37,147,0.5165859228019384,1
1328,3.43,153,0.38788601466034733,0
1329,3.08,140,0.6746239502008741,0
1330,3.39,143,0.5912341289269865,1
1331,2.1,142,0.7384359164554862,1
1332,3.72,157,0.2782226572351731,1
1333,3.73,156,0.30091969877873864,0
1334,3.47,149,0.46380805731677216,0
1335,3.94,164,0.12031165310794925,0
1336,3.76,158,0.2630700615493242,0
1337,3.8,148,0.45041870072399365,0
1338,3.72,165,0.12136785151354802,0
1339,3.27,146,0.5390922298157848,1
1340,3.4,153,0.39065432470215733,0
1341,3.66,153,0.3691148780209663,0
1342,2.94,138,0.728643398996074,1
1343,2.97,149,0.5139564795710889,1
1344,3.39,153,0.3948488805874824,0
1345,2.97,154,0.4083178487640693,1
1346,3.71,156,0.2987090002350266,0
1347,3.36,156,0.34104247764439294,0
1348,3.6,143,0.5702063583897518,0
1349,3.63,143,0.5657495613835415,0
1350,3.08,147,0.5530913152749442,1
1351,3.09,139,0.6981118301906755,1
1352,2.73,137,0.7774536469789749,0
1353,3.71,149,0.4418316329532267,1
1354,2.76,143,0.6532869731415816,1
1355,2.72,143,0.6568930210344629,0
1356,3.76,156,0.2876989001413673,0
1357,3.89,161,0.18518658771636837,0
1358,3.95,156,0.2771645874597771,1
1359,3.11,150,0.4729541699885371,0
1360,3.14,138,0.7140612283895491,1
1361,3.27,150,0.46860681110308866,0
1362,3.26,139,0.6790986091629395,1
1363,3.06,146,0.5594243219012196,0
1364,3.54,164,0.159851034215976,0
1365,3.67,161,0.20689755750756791,0
1366,3.2,147,0.5221541204770977,1
1367,3.42,147,0.5040937811000619,1
1368,3.25,143,0.6074516382463769,0
1369,3.98,151,0.3649368743051237,1
1370,3.58,160,0.23499230606112226,0
1371,2.96,145,0.5961611519202087,0
1372,3.77,159,0.236023637245442,0
1373,3.21,142,0.6268228828925705,0
1374,3.99,166,0.07942150655881593,0
1375,3.73,163,0.1557805705011542,0
1376,3.07,153,0.4235624428188912,1
1377,3.5,149,0.46401136763744,0
1378,3.7,148,0.4627371879944975,0
1379,2.62,149,0.5514820835199155,1
1380,3.11,144,0.6003544763236068,0
1381,3.17,144,0.5884594162470914,1
1382,3.91,156,0.2789257551866755,0
1383,3.94,145,0.5033724637187007,0
1384,3.48,150,0.4430514136053389,0
1385,3.8,145,0.5091837234008747,0
1386,3.19,144,0.5863373640184196,1
1387,3.24,144,0.5857929750462385,1
1388,3.29,150,0.4673262984206867,0
1389,3.79,159,0.23764849581088587,0
1390,3.72,159,0.24254917838250772,1
1391,3.59,159,0.2561089703761161,1
1392,3.42,147,0.5087948820003838,1
1393,3.15,140,0.6766797401690141,1
1394,3.29,153,0.40284499792407963,1
1395,3.56,147,0.4963600561025284,1
1396,3.38,150,0.4513965526838378,1
1397,2.97,145,0.5919509532292454,1
1398,3.44,147,0.5110070159066749,1
1399,3.14,150,0.47406801333258874,0
1400,3.89,158,0.24572602019025525,1
1401,3.46,160,0.24844439897662615,1
1402,3.82,160,0.21507759239432414,0
1403,3.48,153,0.3806654628169717,1
1404,3.47,157,0.30893394572830657,0
1405,3.2,148,0.5112379480446461,0
1406,3.84,165,0.11147429229820317,0
1407,3.8,157,0.2700435648850725,0
1408,3.44,144,0.5607172779416475,0
1409,3.4,155,0.34821693308924684,0
1410,2.88,159,0.3271299683924894,0
1411,3.21,149,0.4873026725767577,1
1412,3.24,156,0.34647715102772914,1
1413,2.68,140,0.7234543387399995,0
1414,3.37,148,0.4922554187818366,0
1415,3.71,143,0.5578682252194671,1
1416,3.92,151,0.376221644408649,1
1417,2.49,148,0.5840304465727806,1
1418,3.56,156,0.3124029251354821,1
1419,3.43,144,0.574096226340548,1
1420,3.47,153,0.3838502635794914,0
1421,2.73,149,0.5349711693277412,0
1422,3.4,151,0.4325281500943885,1
1423,3.25,153,0.406980664575712,0
1424,2.83,142,0.66734172863294,1
1425,2.85,154,0.42964498550932595,0
1426,2.75,136,0.7935678999562961,1
1427,3.71,145,0.5145515502476437,0
1428,3.42,149,0.46082708146044876,1
1429,3.28,157,0.3285973220490788,0
1430,3.25,142,0.6253431792362181,1
1431,3.47,155,0.34000297410648794,0
1432,2.63,151,0.49758445066535906,1
1433,3.65,150,0.4272000789731466,0
1434,3.41,154,0.37630676743683605,0
1435,3.26,146,0.5443258393704252,0
1436,3.11,151,0.45638554959143396,1
1437,3.68,153,0.3627312391058507,1
1438,3.28,157,0.32508381510240064,1
1439,3.26,148,0.49639470961045656,0
1440,3.11,147,0.5359782202940954,0
1441,3.55,146,0.5121818873787516,1
1442,3.76,147,0.4772118740814097,0
1443,3.49,161,0.23020747555753196,0
1444,3.5,143,0.5704438390868956,0
1445,3.02,152,0.44105251994968103,1
1446,3.16,156,0.35657744361797356,1
1447,3.56,148,0.4793212659367184,0
1448,2.95,149,0.5074578897492871,0
1449,2.75,147,0.5775232357194295,0
1450,3.79,151,0.39418352332593204,1
1451,3.52,154,0.35552289089410566,0
1452,3.23,155,0.3764389883658082,0
1453,3.56,161,0.2219517316559265,0
1454,3.99,154,0.31060066380018936,0
1455,3.17,144,0.5989379376292331,1
1456,3.14,151,0.45566442053564393,0
1457,3.2,144,0.5944288923406301,0
1458,3.64,164,0.16086376991276444,1
1459,2.97,146,0.5728306686809412,1
1460,3.81,148,0.4500682507956396,1
1461,3.34,152,0.4210425532838824,0
1462,3.53,155,0.33326082265923407,0
1463,3.77,152,0.38159274875263427,1
1464,3.04,144,0.6032995863766689,1
1465,3.63,159,0.24787997917888743,1
1466,3.88,158,0.2513702770948817,1
1467,2.86,143,0.6428980311027714,1
1468,3.01,159,0.3088925500095462,0
1469,3.19,150,0.4717559832063312,1
1470,2.96,146,0.5717424810327775,1
1471,3.93,162,0.1611476324540928,0
1472,2.26,146,0.6406014791445289,1
1473,3.68,147,0.47856074032490187,0
1474,3.37,162,0.2204277442192585,0
1475,3.05,155,0.3858850830962939,0
1476,3.01,140,0.6853812447823867,1
1477,3.43,160,0.2505657821612266,0
1478,2.83,152,0.46662577935663524,1
1479,4,154,0.30675761286366826,0
1480,2.95,144,0.6167133841871434,1
1481,3.34,146,0.5345597999421993,0
1482,3.23,160,0.271207067344846,1
1483,3.09,139,0.6987395871232461,0
1484,3.25,147,0.5205004604125001,0
1485,2.78,146,0.5833493268071178,1
1486,3.66,152,0.3874793674933528,1
1487,3.14,148,0.5218587945211487,1
1488,3.37,153,0.38973973805059364,0
1489,3.26,154,0.3850074451565682,1
1490,3.19,151,0.4540677941501064,1
1491,3.23,140,0.6602040617183911,0
1492,3.79,165,0.11727278026180593,1
1493,3.56,150,0.43048699901938114,1
1494,3.61,153,0.36907070257920516,0
1495,2.91,143,0.6408891567051558,1
1496,3.46,155,0.35059025663797055,0
1497,3.57,154,0.36081602601769636,0
1498,3.54,153,0.3835782621579057,0
1499,3.85,159,0.23964697933513332,1
1500,3.36,148,0.49814610582560326,0
1501,3.68,155,0.32706407313850194,0
1502,3.72,153,0.3642888071633998,0
1503,3.71,155,0.32243349530026555,0
1504,3.87,166,0.08783347594484027,0
1505,3.27,149,0.4829080187228038,1
1506,3.51,158,0.28716677804419805,0
1507,3.52,144,0.5563841485876735,0
1508,3.15,145,0.5763221290200147,0
1509,3.31,144,0.5776938398705547,0
1510,3.47,143,0.5793751802095567,0
1511,3.83,149,0.43311523919218325,0
1512,3.13,151,0.4585462491110385,0
1513,3.29,149,0.4860562763929055,0
1514,3.74,165,0.12312892546894219,0
1515,3.9,150,0.3975031701307891,1
1516,3.38,145,0.5558801373308532,0
1517,3.58,144,0.5496704199198134,0
1518,2.6,136,0.8095500103886651,1
1519,2.87,139,0.7200496005885633,1
1520,3.14,149,0.4884352634909516,1
1521,3.16,150,0.46615843223235554,1
1522,3.55,144,0.5494999632881068,0
1523,3.14,139,0.6930091652647342,0
1524,3.52,144,0.5583201138940539,1
1525,3.77,152,0.3737444836372389,1
1526,3.93,163,0.1400240710916042,0
1527,2.69,154,0.4433172830836234,0
1528,3.5,145,0.5403274377182226,1
1529,3.59,157,0.29558781294549236,1
1530,2.63,145,0.6251606720266301,1
1531,3.71,159,0.24363406309693342,0
1532,3.58,149,0.45965526505833165,0
1533,3.53,151,0.4156621665639543,1
1534,3.42,145,0.5437532351409071,1
1535,3.33,143,0.5971184799541558,0
1536,2.86,144,0.6296228553844809,1
1537,3.84,153,0.3477663980469313,0
1538,3.41,159,0.272267677453992,1
1539,3.25,154,0.3912336445640811,0
1540,2.35,133,0.8887549416989675,1
1541,3.1,145,0.5757275953190768,1
1542,3.38,156,0.3361302108743383,0
1543,3.9,165,0.10705383406439192,0
1544,2.61,143,0.6637988729793614,1
1545,3.95,145,0.49945212464487593,1
1546,3.92,154,0.32562043404374796,0
1547,3.66,149,0.4433397187548716,0
1548,3.93,152,0.3590474564034006,1
1549,3.35,145,0.5524134093664435,1
1550,2.97,144,0.6131075522777771,1
1551,3.07,145,0.5798299666368,0
1552,3.68,160,0.23640298749189068,0
1553,2.55,139,0.7518010269729783,1
1554,3.65,159,0.24454455099863653,0
1555,2.8,153,0.45207358177358625,0
1556,3.57,156,0.32273593467333905,0
1557,3.22,152,0.4231711236620204,1
1558,3.61,146,0.5118340826526564,1
1559,3.63,155,0.3282755014613899,1
1560,3.88,159,0.22110917991822127,0
1561,3.27,145,0.5643617931226385,1
1562,3.21,141,0.6496578080477495,1
1563,2.43,136,0.8274440880209799,1
1564,3.32,148,0.5043105251216615,1
1565,3.88,152,0.3680011772824151,1
1566,3.16,144,0.5974343411412537,0
1567,3.48,149,0.4678803565231285,0
1568,3.16,154,0.39373644321655443,1
1569,3.3,157,0.3217521323879475,0
1570,3.84,153,0.338688231231009,1
1571,3.12,146,0.5628324766093062,1
1572,3.98,157,0.2608198370308447,0
1573,3.65,147,0.48294729006034215,1
1574,2.86,141,0.6772926342999026,1
1575,3.55,149,0.45279376541631333,1
1576,3.38,147,0.510587241510802,1
1577,3.22,156,0.34536322161469335,0
1578,3.27,144,0.576262574021834,0
1579,2.39,142,0.7062033618085631,1
1580,3.27,145,0.5556041794260393,0
1581,3.21,149,0.4896650998770047,0
1582,3.54,163,0.18200050998361245,0
1583,3.84,152,0.3683853158793208,0
1584,3.9,155,0.30577201896211365,1
1585,3.81,159,0.22875937967959406,0
1586,3.65,155,0.32415939353017503,0
1587,2.99,145,0.5858638328422449,1
1588,3.24,151,0.44558697328630686,0
1589,2.78,144,0.6367781144780175,1
1590,3.41,159,0.2713137144771094,0
1591,2.77,150,0.5109177866543637,1
1592,2.59,143,0.6676146844967122,1
1593,2.94,146,0.5731026790772574,0
1594,3.43,157,0.3155642082189488,1
1595,3.44,147,0.5075646832865235,0
1596,3.5,143,0.5809399126807655,1
1597,3.91,166,0.08062876453119802,0
1598,3.78,159,0.23753672404875914,0
1599,2.8,134,0.8248785136942094,1
1600,3.94,154,0.3145761874645182,0
1601,3.84,160,0.21492387298468626,0
1602,2.86,148,0.5466837637060264,0
1603,3.09,148,0.5214817146999055,1
1604,3.86,152,0.3728176428166755,1
1605,3.35,150,0.4607501176647989,1
1606,2.48,151,0.5202233486471601,0
1607,3.54,150,0.4334004536906347,0
1608,3.1,148,0.5206191907816455,0
1609,3.36,155,0.3579562581514548,1
1610,3.64,150,0.4289964525881554,1
1611,3.89,149,0.42401792462436017,1
1612,3.55,155,0.3416170554404342,0
1613,3.34,148,0.4970874563590878,0
1614,2.69,141,0.6982668714655663,0
1615,2.66,148,0.5634475269275602,1
1616,3.45,157,0.3139052791988357,0
1617,2.94,137,0.7467874867390533,1
1618,3.54,143,0.573932896171642,1
1619,2.89,149,0.5225044265064022,1
1620,3.43,139,0.6728704910990799,1
1621,2.89,142,0.6548394916548295,1
1622,3.36,148,0.49470647255373085,1
1623,3.71,144,0.5397775332693558,1
1624,3.34,148,0.4977409179717438,1
1625,3.18,150,0.4723795767686635,0
1626,3.42,152,0.40300732162554526,0
1627,3.24,137,0.7232854947931604,1
1628,3.3,161,0.24707557366236696,1
1629,3.76,145,0.5167370158815181,1
1630,3.84,156,0.2854509624234435,1
1631,2.8,150,0.5100184119677185,0
1632,3.65,161,0.206990213636462,1
1633,3.42,158,0.2813476695047499,0
1634,3.1,145,0.5781447526152218,1
1635,3.72,156,0.30350704887657337,0
1636,3.32,154,0.3740295362310074,0
1637,3.57,156,0.31685272644582724,0
1638,3.18,157,0.33983419253302544,0
1639,3.82,162,0.1748039891044643,0
1640,3.21,153,0.40982810414914195,0
1641,3.43,147,0.5085028465725684,0
1642,3.55,150,0.43536303796044884,0
1643,3.4,152,0.41580051975336196,0
1644,3.83,162,0.1767300087909604,0
1645,3.2,153,0.4074346571850816,0
1646,2.26,146,0.6443488754504277,1
1647,3.03,148,0.5250453394220089,1
1648,3.66,155,0.3301275681366312,0
1649,3.46,150,0.4499416451578204,0
1650,3.96,158,0.24918913352856242,0
1651,3.9,167,0.07424943026153005,0
1652,3.25,149,0.4858492521855504,0
1653,3.41,143,0.5895204591173305,0
1654,3.88,152,0.36598091763668766,1
1655,3.17,148,0.5125912065900311,0
1656,3.39,147,0.5034848028126172,0
1657,2.13,151,0.5577428189047985,0
1658,3.85,162,0.17439810839057196,0
1659,3.42,146,0.5286585278239445,1
1660,3.68,157,0.2848239608897454,0
1661,3.63,144,0.5482767881425374,1
1662,3.21,141,0.641760691828907,1
1663,3.24,142,0.6250464435746846,1
1664,3.34,138,0.6970825979167236,1
1665,2.77,146,0.5936652131655035,0
1666,2.59,150,0.5365648939542708,0
1667,3.07,137,0.7320817160245775,0
1668,3.96,154,0.3213305587315943,0
1669,3.49,162,0.2009213116523739,1
1670,3.45,142,0.6018374842245353,1
1671,2.97,146,0.5716748737443491,1
1672,3.29,138,0.6954828533805921,1
1673,3.38,140,0.6516411686118723,0
1674,3.01,145,0.5943328027515108,1
1675,3.97,161,0.18270835164745533,1
1676,3.41,153,0.39152378218964307,0
1677,3.19,153,0.4162608424864034,1
1678,3.14,154,0.404131768508913,0
1679,3.21,153,0.4067774406891696,0
1680,2.81,143,0.6520635169536232,0
1681,3.8,159,0.23407229347202532,1
1682,2.98,155,0.3894488268187597,0
1683,3.11,150,0.4821646257052446,0
1684,2.41,140,0.7464269178375994,0
1685,2.93,152,0.4560980556373349,0
1686,3.67,148,0.46285607035068405,1
1687,2.82,140,0.7033900007853602,1
1688,3.93,151,0.3813304300834002,0
1689,3.13,150,0.4822344627892532,0
1690,3.58,149,0.4493339739792497,0
1691,3.39,158,0.2936858517776243,0
1692,3.5,146,0.5159185033204636,1
1693,3.58,150,0.4290568292543983,1
1694,3.32,139,0.6758499570163549,1
1695,3.16,148,0.5198817235780027,0
1696,3.91,145,0.49651355121299867,1
1697,3.58,153,0.37286191425903226,0
1698,3.84,149,0.4279770980461764,0
1699,3.12,150,0.4829956239974726,1
1700,3.84,158,0.24587597223546842,1
1701,2.62,151,0.5164322286234811,0
1702,3.01,152,0.45027158837611014,1
1703,3.29,142,0.619733609128568,0
1704,2.95,146,0.5755357887695687,1
1705,3.63,150,0.4301326962302924,0
1706,2.76,143,0.6555037657790929,0
1707,3.56,160,0.24014456657299252,1
1708,3.62,153,0.37021686370122614,0
1709,3.75,145,0.5144109900028203,0
1710,3.5,149,0.4633307832896645,0
1711,3.04,137,0.7418254676691136,0
1712,2.39,141,0.7284172290629679,0
1713,2.52,140,0.734850087623571,1
1714,3.62,154,0.347182810927287,0
1715,3.78,153,0.3573703041594498,0
1716,3.61,152,0.3935124923561948,0
1717,3.75,153,0.36441008851296436,0
1718,3.38,160,0.2603705406537539,0
1719,3.06,143,0.6266861195166202,0
1720,3.7,162,0.18284525689274544,0
1721,2.81,145,0.6035533338276489,1
1722,3.4,158,0.2978578173429598,1
1723,3.92,148,0.43943850610465035,1
1724,3.61,159,0.2517083370452866,0
1725,3.44,159,0.2720743838545464,0
1726,3.14,146,0.5499711468520273,0
1727,3.55,146,0.5075817126887836,1
1728,3.57,154,0.35500096117968505,0
1729,3.49,146,0.5173574610197709,1
1730,3.53,150,0.44182128267389237,1
1731,2.59,146,0.6067304709728512,1
1732,3.17,156,0.3557083050502071,0
1733,2.82,144,0.6278566780052323,1
1734,3.12,154,0.3939966264019328,1
1735,2.64,139,0.7351470909051975,1
1736,3.19,155,0.3800986142623299,1
1737,4,160,0.19599067020621783,0
1738,3.44,142,0.6011051584279783,1
1739,3.5,152,0.3990259825125719,1
1740,3.81,154,0.3273637903897222,0
1741,3.52,147,0.5023790411178072,1
1742,3.49,143,0.5832251402497287,1
1743,3.65,152,0.3965459588493742,0
1744,3.07,152,0.44232874987397286,1
1745,3.73,153,0.3603219020705499,0
1746,3.76,147,0.47773633897702916,1
1747,3.83,157,0.26991223031794137,0
1748,2.22,141,0.750410390473119,1
1749,3.32,147,0.5168727376648686,0
1750,3.38,152,0.4173500878209586,0
1751,2.66,150,0.5233318453757271,1
1752,3.91,161,0.18536220709658593,0
1753,3.17,145,0.5698574507951918,1
1754,3.31,143,0.5961788529967516,1
1755,3.92,149,0.42257152675480386,0
1756,3.46,147,0.5012717527570696,0
1757,2.95,146,0.5776229531288296,0
1758,3.3,143,0.5962819856958965,1
1759,3.43,147,0.508783375805381,0
1760,3.51,164,0.16518293356942335,1
1761,2.85,145,0.6041463811232877,1
1762,3.52,162,0.20364440919724855,0
1763,3.27,147,0.5237055878214544,0
1764,3.54,141,0.6236441815274321,1
1765,3.91,158,0.24349177377396547,0
1766,2.96,154,0.4243979348314995,0
1767,3.04,147,0.5433666141243096,0
1768,3.22,159,0.29617280440573324,0
1769,3.35,153,0.3944438445752866,1
1770,3.54,155,0.3315802279074209,0
1771,3.13,145,0.5781787069839202,1
1772,2.44,130,0.9351271429796904,1
1773,3.75,157,0.2816399380159335,0
1774,3.8,152,0.37115578512200725,0
1775,3.78,149,0.4247535269752418,1
1776,2.82,150,0.5126627637363927,0
1777,2.88,148,0.5497199075617047,1
1778,3.55,141,0.617013134449555,1
1779,2.56,132,0.8920555412806817,1
1780,2.95,145,0.5941768816100341,1
1781,3.77,153,0.35646124460394973,1
1782,3.58,161,0.22167854736532297,0
1783,3.22,159,0.28652168523010674,0
1784,3.42,147,0.5150990054279281,1
1785,3.99,166,0.08018185299449808,0
1786,3.01,156,0.3702026297597195,1
1787,2.67,154,0.44326744862311757,1
1788,3.53,157,0.30359503996323534,1
1789,2.6,132,0.8859011566905154,1
1790,2.91,138,0.7271150911372427,1
1791,3.55,151,0.4171597683946886,1
1792,3.51,144,0.562353532517147,0
1793,3.16,152,0.4394854359804665,0
1794,3.46,152,0.4102881675706806,0
1795,3.21,143,0.605584092545973,1
1796,3.2,143,0.6042538675766128,1
1797,3.51,143,0.5823425862818464,1
1798,3.8,150,0.414446307100522,1
1799,3.13,149,0.5053513254731904,1
1800,3.2,156,0.3512177085713649,0
1801,3.65,149,0.4453116455185419,0
1802,4,152,0.34802217472799307,0
1803,3.01,139,0.7139149722365364,1
1804,3.1,155,0.3857752550322329,0
1805,3.21,156,0.3439079286713525,0
1806,3.92,144,0.516741646742692,1
1807,2.72,141,0.6961812190121688,0
1808,3.72,154,0.35254013173730636,0
1809,3.76,150,0.4198715895181915,0
1810,2.78,149,0.5290945059590221,1
1811,3.15,151,0.45560530009470784,0
1812,3.36,145,0.5571561282424633,1
1813,2.36,136,0.829480798533796,1
1814,3.3,151,0.44166480138570263,1
1815,3.1,146,0.5586184907719646,1
1816,3.92,161,0.1837385751979355,0
1817,3.54,150,0.43076190420078875,1
1818,3.23,147,0.5288076114370442,0
1819,3.45,155,0.34674539880500527,0
1820,3.38,157,0.3101024848545203,1
1821,3.39,139,0.6635623306111452,1
1822,2.86,146,0.5826722525208846,1
1823,3.01,147,0.5431582033687712,1
1824,3.6,149,0.45169852537638777,0
1825,3.43,139,0.6641291808661219,1
1826,3.67,145,0.5218688542927055,1
1827,3.07,152,0.445691680393361,1
1828,3.49,143,0.5787580151793741,0
1829,3.04,147,0.545633399917796,1
1830,3.14,148,0.5159889385328048,0
1831,3.28,156,0.3482787915564627,0
1832,2.82,157,0.3731753067130917,0
1833,2.56,139,0.751864283668308,1
1834,3.41,148,0.48536182733658295,1
1835,3.28,157,0.3285753179017993,0
1836,3.17,158,0.3146739941255883,1
1837,3.56,150,0.4316933346758954,0
1838,3.67,152,0.38924795355145314,0
1839,3.97,157,0.253309461930669,0
1840,3.47,152,0.39811776957231854,1
1841,3.24,153,0.41448425629184027,0
1842,3.69,156,0.30784018032858773,0
1843,3.69,146,0.49259903196170535,0
1844,2.84,149,0.5243351361758247,0
1845,3.88,163,0.14887407544893722,0
1846,3.87,159,0.2331499137058836,0
1847,2.81,149,0.5298401021327883,1
1848,3.55,149,0.45907760082497584,1
1849,3.79,166,0.1026911184387028,0
1850,3.66,146,0.5018615703375601,0
1851,3.48,149,0.46620004782004504,1
1852,2.91,144,0.6207144550998085,0
1853,3.63,161,0.20559653251709545,0
1854,3.46,154,0.3715133498036115,0
1855,3.12,139,0.6982585351205781,1
1856,3.96,160,0.19758166528661614,0
1857,3.96,157,0.2633223789357601,0
1858,3.47,156,0.3262945693717839,1
1859,2.89,144,0.6172438828586471,1
1860,3.88,164,0.13214146601791987,0
1861,3.38,143,0.5924673809361043,1
1862,3.73,150,0.4202466300816255,1
1863,3.76,149,0.43215158426758454,0
1864,3.85,149,0.42476783972314375,0
1865,2.52,150,0.5381823033847876,1
1866,3.47,155,0.34329266108387935,0
1867,3.46,143,0.5832830728874423,1
1868,3.35,138,0.6913183798945455,1
1869,3.29,145,0.5620637651170705,1
1870,3.47,153,0.3876008381197038,1
1871,3.51,149,0.4608840024997634,1
1872,2.41,136,0.8209357973855476,0
1873,3.9,150,0.4049799255582777,0
1874,2.93,144,0.6157455526754341,1
1875,3.59,149,0.4496521902850741,1
1876,3.67,156,0.3058082471964678,1
1877,3.33,146,0.5362783103929802,1
1878,2.94,147,0.5550034843475783,0
1879,3.5,160,0.24294690525590137,1
1880,3.04,141,0.6645720404483748,1
1881,3.66,157,0.29610693001942184,1
1882,2.9,145,0.5989012575789701,1
1883,3.03,156,0.3721803034750541,1
1884,3.84,145,0.5054316424191905,0
1885,3.18,159,0.2945439156526669,1
1886,2.67,146,0.6078878387943778,1
1887,3.55,154,0.3578184831809141,1
1888,3.52,148,0.4809568171197791,1
1889,3.34,154,0.3821075115485402,0
1890,2.89,153,0.44962806646811254,1
1891,3.31,147,0.5247947489303121,0
1892,3.34,155,0.3541955017449308,1
1893,3.94,152,0.3577664481445739,0
1894,3.55,156,0.31409127936454545,0
1895,3.29,147,0.5184269535060969,1
1896,3.74,153,0.3551468204178134,1
1897,3.14,147,0.5342247767876538,0
1898,3.02,145,0.5899527780381347,1
1899,3.93,148,0.4385258157128055,0
1900,3.89,162,0.16008524307488342,0
1901,3.31,158,0.307274030475909,0
1902,3.23,154,0.38845237584556414,1
1903,3.44,154,0.36966810871039185,0
1904,3.33,148,0.4967685654072063,0
1905,2.5,148,0.5829728271139965,0
1906,3.79,149,0.425420253200017,0
1907,2.8,144,0.6333714368816853,1
1908,3.2,150,0.4691345363270437,1
1909,3,146,0.5718503115044482,0
1910,3.11,153,0.4167596433769223,0
1911,3.22,153,0.41547202393894445,0
1912,2.98,152,0.45061469896781203,0
1913,3.69,155,0.31768183206151634,1
1914,3.16,138,0.7071480983160037,1
1915,3.39,152,0.4104526672341831,1
1916,3.64,144,0.550434589253421,1
1917,3.22,149,0.49221595366152665,0
1918,3.36,154,0.3798246681588959,0
1919,3.74,159,0.23787145138803037,0
1920,3.8,156,0.2913373199728284,1
1921,3.41,150,0.4463209678354507,1
1922,3.06,145,0.5787427654285315,1
1923,3.94,168,0.03986770817725233,0
1924,3.12,151,0.4587505267785229,0
1925,3.61,162,0.1969956362349354,0
1926,3.24,145,0.5646001295749615,1
1927,3.67,163,0.17470335948519317,0
1928,3.88,156,0.28799512003079025,0
1929,3.09,148,0.5274680797429526,0
1930,3.35,154,0.3709246123405819,0
1931,3.47,147,0.5034868704215202,0
1932,3.54,144,0.5562758826659072,1
1933,3.15,139,0.6856914278676101,0
1934,3.77,159,0.23138043829245933,0
1935,3.14,152,0.44269558474288934,1
1936,3.19,161,0.2532251702203338,0
1937,3.74,155,0.3208012643600342,1
1938,2.3,151,0.5358596062856517,1
1939,2.89,151,0.4810646952109498,1
1940,3.17,155,0.3719924218425448,0
1941,2.78,146,0.5933795805055982,1
1942,3.17,139,0.6926160228678397,1
1943,3.08,142,0.6450655540330414,1
1944,1.79,137,0.8558603455757092,1
1945,3.29,143,0.6018999304332149,1
1946,3.17,152,0.4340561903900931,1
1947,3.03,149,0.50183232372426,0
1948,3.41,154,0.36774763637821023,0
1949,3.16,141,0.648347969348814,0
1950,3.43,153,0.3826116864700814,0
1951,2.98,155,0.3920729173896529,1
1952,3.48,147,0.5010435704326909,0
1953,3.25,143,0.5960281022521324,0
1954,3.29,143,0.6000445395004216,1
1955,3.56,158,0.28111814811482677,0
1956,2.72,154,0.43379056099438973,0
1957,3.84,147,0.4713335196213951,1
1958,2.67,146,0.6031676984862491,1
1959,3.39,149,0.47865838116795517,0
1960,2.33,146,0.6337471233803748,0
1961,3.99,148,0.43444607983253375,0
1962,2.65,145,0.6243424357074147,1
1963,3.18,150,0.4672400938797083,1
1964,2.96,143,0.6368791251835839,1
1965,3.81,154,0.33252376145131163,0
1966,3.9,163,0.1442675153691459,0
1967,3.74,161,0.20593323165645083,0
1968,3.93,163,0.14284536025182584,0
1969,3.73,148,0.4531565823970907,0
1970,3.7,149,0.44694053895203073,0
1971,3.69,158,0.2670968656680355,0
1972,2.7,144,0.6321855555636648,1
1973,2.99,148,0.5301693028795899,0
1974,3.01,139,0.7133875823119005,1
1975,3.47,154,0.36864399937753556,0
1976,3.09,148,0.5264579174933789,1
1977,3.59,149,0.4502610838544938,0
1978,3.67,149,0.4438134381769374,0
1979,3.65,143,0.5684845615431371,1
1980,3.72,144,0.5349258491819866,0
1981,3.44,154,0.3728065025731519,0
1982,3.45,149,0.4689040760296604,1
1983,3.17,146,0.5570436644128817,0
1984,2.94,146,0.5753489670842862,1
1985,3.53,153,0.3762650602643276,0
1986,2.95,145,0.5929031805472144,1
1987,3.11,140,0.6783242353083326,0
1988,3.86,151,0.3874839829955858,0
1989,3.15,145,0.5723628166189405,1
1990,3.46,149,0.4627275903758605,1
1991,3.04,151,0.4680212065216447,1
1992,3.59,151,0.4123160585095496,1
1993,3.82,145,0.5039895037120519,1
1994,3.46,150,0.4474817457352109,0
1995,3.76,154,0.33694508866065603,0
1996,3.34,156,0.3397849238197748,1
1997,3.07,142,0.6378301036593317,1
1998,3.23,150,0.47258457030339535,0
1999,3.7,145,0.5259716286266888,0
2000,2.27,141,0.7451794266939555,0
2001,3.16,136,0.7482711904031781,0
2002,3.99,150,0.38977759298628356,1
2003,3.25,146,0.5490620021199512,1
2004,3.32,147,0.51432225691242,1
2005,3.1,161,0.2613442909662252,0
2006,3.03,147,0.5497265582276951,1
2007,3.4,151,0.42525683226908084,1
2008,3.28,151,0.44757691037091557,1
2009,3.12,147,0.5355252540407665,0
2010,3.8,154,0.3320830045335882,1
2011,2.71,148,0.5662183735070002,1
2012,3.37,143,0.5952287728672706,0
2013,3.62,157,0.2867658813878077,0
2014,3.43,150,0.4474398209054201,0
2015,3.93,157,0.26474594363474374,0
2016,3.67,149,0.4509033128588787,1
2017,3.67,161,0.21527288302020015,1
2018,2.42,133,0.8781145386928179,1
2019,3.85,153,0.3488717517345569,1
2020,2.66,151,0.5000208306633507,0
2021,3.55,144,0.5508409853420697,1
2022,2.85,153,0.44428272583115497,1
2023,2.87,144,0.6233513274089221,1
2024,3.6,146,0.5053853637661075,0
2025,3.46,150,0.44674212932106977,0
2026,2.65,147,0.5853588384659605,1
2027,3.75,157,0.2746263029953655,0
2028,3.68,158,0.26359552144245013,0
2029,2.82,143,0.6428713367023277,1
2030,3.3,150,0.46050507149500786,0
2031,2.68,142,0.6770351766531009,0
2032,3.58,153,0.3732777091749321,0
2033,3.08,154,0.4055074737073451,0
2034,3.79,157,0.2725915135681478,0
2035,2.68,140,0.7204441005796488,1
2036,3.8,158,0.24749241907777805,0
2037,3.66,161,0.2159105158471426,1
2038,2.82,145,0.6050039398830901,1
2039,3.84,150,0.4120905805407711,0
2040,3.39,146,0.5326485282284243,1
2041,3,138,0.7253415546442894,1
2042,3.34,146,0.5359809089207379,0
2043,3.84,155,0.30892137169305944,0
2044,3.21,146,0.5468922677092578,1
2045,3.55,154,0.3581650748466974,1
2046,3.85,151,0.3891760423531672,0
2047,3.3,150,0.4628391079386152,0
2048,3.47,152,0.39943984754684897,0
2049,3.77,158,0.2555459695487645,0
2050,3.61,143,0.5652582543632175,1
2051,2.9,149,0.5157322052444755,1
2052,3.78,150,0.4153587344713778,0
2053,3.99,162,0.15310336116987713,0
2054,3.32,159,0.27702982660109743,0
2055,3.02,147,0.5500257233908205,0
2056,3.5,143,0.5821452213292174,0
2057,3.68,153,0.37103241855729574,0
2058,3.49,151,0.41851588271264667,0
2059,3.17,145,0.5796488396238324,1
2060,3.92,152,0.3669057648250375,0
2061,3.57,161,0.22318894819357815,0
2062,3.36,151,0.43025491968937807,0
2063,3.54,142,0.5952470116685039,0
2064,3.74,154,0.3417457112087536,0
2065,3.21,146,0.5460851364137471,1
2066,3.12,151,0.46193600444038513,0
2067,3.05,153,0.42443810383020475,1
2068,3.44,151,0.4244611480082368,1
2069,2.98,144,0.6065736411698859,1
2070,3.14,158,0.3209510210419293,1
2071,3.22,151,0.4484583985461171,0
2072,3.33,145,0.5515598753109948,1
2073,3.39,163,0.19663611069364537,0
2074,3.38,144,0.5712813434406641,1
2075,3.45,157,0.31008690042215015,0
2076,3.19,150,0.4755057752405962,1
2077,2.86,148,0.5472722020661032,1
2078,3.25,148,0.502388850964933,0
2079,3.26,151,0.45032373295672823,1
2080,3.36,161,0.24121602259620445,1
2081,3.51,147,0.5073713287015295,1
2082,3.6,147,0.49271286554005483,1
2083,3.55,148,0.47954568716680357,1
2084,3.7,147,0.4823906997320551,0
2085,3.34,159,0.2811156701160017,0
2086,3.04,142,0.6397885661900805,1
2087,3.47,143,0.5793182089541055,0
2088,3.61,155,0.3284542146449203,1
2089,3.66,165,0.13113502722954914,0
2090,3.19,147,0.5301998315077546,1
2091,3.98,162,0.1650141491651019,0
2092,2.89,145,0.6011365006988315,0
2093,3.23,153,0.40364569088821284,0
2094,3.21,148,0.5065175857600587,1
2095,2.74,151,0.49948042577395707,0
2096,3.07,148,0.5259551901153586,0
2097,3.42,149,0.4676201212418893,1
2098,3.91,159,0.22264539885741794,0
2099,3.87,154,0.327592131090293,0
2100,4,149,0.40757614091520694,1
2101,3.8,162,0.17881373007762558,0
2102,2.96,145,0.5916731633800661,0
2103,3.86,153,0.34850529625300053,1
2104,3.75,157,0.2842504850877484,0
2105,3.34,155,0.3650650168726349,1
2106,3.55,157,0.3033696006231997,0
2107,2.97,156,0.3708670025005449,1
2108,3.69,151,0.39641688071105824,0
2109,3.94,160,0.198005666200284,0
2110,3.14,146,0.5541250464981056,1
2111,3.67,164,0.14776306121093866,0
2112,3.23,154,0.39253394417877796,0
2113,3.01,147,0.5486114893248897,1
2114,3.36,150,0.4557646661987504,1
2115,3.25,153,0.40962653243280545,0
2116,3.16,147,0.5328979480568017,1
2117,2.34,135,0.8473154495166905,1
2118,3.62,152,0.3967648499743568,0
2119,3.68,144,0.5398211877509921,1
2120,3.79,157,0.26518165163040763,1
2121,3.31,151,0.4398436521101346,0
2122,3.78,159,0.23034518121690287,0
2123,3.82,159,0.23477173495969703,0
2124,3.31,162,0.22571208585157615,0
2125,2.3,139,0.7738206230647309,1
2126,3.22,150,0.4640896214026429,1
2127,3.42,149,0.47042973709793273,0
2128,2.83,147,0.5762376122927214,0
2129,3.59,151,0.41491536898172443,0
2130,3.63,145,0.5267842350596458,0
2131,3.39,152,0.4116124498271225,0
2132,3.62,158,0.2787431384779004,0
2133,3.74,157,0.2822589400771494,0
2134,3.9,155,0.3000654528267346,1
2135,3.82,159,0.22933868434314844,1
2136,3.55,149,0.4594522255222447,0
2137,3.47,150,0.4413823829032912,1
2138,2.33,138,0.7932361015775385,1
2139,2.75,145,0.6123613731937042,0
2140,3.31,157,0.31883592776997055,0
2141,2.63,146,0.6105669112443054,0
2142,3.46,148,0.49014924383710645,1
2143,3.1,150,0.4812476477395481,0
2144,3.56,152,0.39348737549067414,0
2145,3.9,145,0.4992032693416213,1
2146,3.3,139,0.6762846503338193,1
2147,3.79,163,0.1538942906355594,0
2148,2.58,146,0.6100253090011402,1
2149,3.98,158,0.23703012989944602,0
2150,3.27,153,0.4118486135342524,1
2151,3.33,147,0.5096907171564524,0
2152,3.57,160,0.2376946307221831,0
2153,3.12,153,0.4204111871176909,1
2154,3.12,138,0.7144250695598,0
2155,3.11,137,0.7329938650288663,1
2156,3.66,149,0.4443022466408179,0
2157,3.37,146,0.5275900037220421,0
2158,3.32,142,0.6200730648948095,1
2159,3.88,156,0.2843074836756162,0
2160,3.56,148,0.47227373650523885,0
2161,3.53,155,0.33485246759799414,1
2162,2.86,158,0.33928207714563874,0
2163,3.56,160,0.2355570972502338,0
2164,3.97,157,0.2635342613703937,0
2165,3.66,151,0.40237074875782797,0
2166,2.91,148,0.5355937338823412,0
2167,3.16,145,0.5690987254298269,1
2168,2.39,142,0.7084365935758064,1
2169,2.66,135,0.8262377215076757,1
2170,3.43,154,0.366419015572411,0
2171,3.56,155,0.33679956898582475,0
2172,3.49,156,0.32577684136675716,0
2173,3.76,152,0.3754554303918952,1
2174,3.83,162,0.17402318828156804,0
2175,3.78,161,0.20025466696758398,0
2176,2.72,146,0.5949556780399966,0
2177,3.62,153,0.37248209148115746,0
2178,3.2,151,0.45674094657996606,0
2179,2.29,139,0.7793072841799179,1
2180,2.89,138,0.7343688089284143,1
2181,3.01,149,0.5103716803714224,0
2182,2.57,147,0.5977752687543794,1
2183,2.61,145,0.6251288656289363,1
2184,3.32,155,0.35959997828174545,0
2185,2.78,148,0.5532392095366305,1
2186,2.87,148,0.5459712222672298,0
2187,3.58,145,0.5391460403429592,1
2188,3.56,152,0.398356159340575,0
2189,3.59,149,0.458148345662454,1
2190,3.24,146,0.5426463648933507,1
2191,2.93,144,0.6141432753568484,0
2192,3.36,147,0.520968341037945,1
2193,2.89,141,0.6740889196718538,0
2194,2.71,139,0.7376493991934313,1
2195,3.96,155,0.2924021378285908,0
2196,3.32,155,0.35763963065519816,0
2197,3.62,151,0.40487679951969485,0
2198,3.6,156,0.30804509281056325,0
2199,2.69,154,0.4376021135703049,1
2200,3.78,162,0.18191319106927345,0
2201,3.1,144,0.5858978133064077,1
2202,3.25,152,0.4298516214712644,0
2203,3.81,145,0.5105529900057263,1
2204,3.16,140,0.6745575567416345,1
2205,3.56,147,0.49210629774429676,1
2206,3.84,155,0.30836347720681806,0
2207,3.85,145,0.5020623044907074,0
2208,3.25,151,0.44347556086880086,0
2209,2.63,149,0.5483780643319571,0
2210,3.8,144,0.527109187962121,1
2211,3.68,153,0.3695339765812405,0
2212,3.69,156,0.30670262911306034,1
2213,3.97,148,0.43354766778022075,1
2214,2.94,141,0.6761471100605698,1
2215,2.8,153,0.4534058328409494,1
2216,3.22,154,0.39460110730507586,0
2217,3.8,154,0.3420375399603395,0
2218,2.89,147,0.5591010011185392,1
2219,3.58,147,0.4871514163844382,1
2220,2.98,149,0.5071048401056877,1
2221,3.66,157,0.2864471185589702,0
2222,3.79,162,0.17392321599698543,0
2223,3.44,156,0.329263367615684,0
2224,3.5,159,0.26319855259825603,0
2225,4,165,0.09165174755417868,0
2226,3.93,146,0.4829782190359504,0
2227,3.77,142,0.572160671386638,1
2228,3.77,157,0.2765210099843423,0
2229,3.52,145,0.5348748141742351,0
2230,2.18,140,0.7677465634154076,0
2231,2.59,148,0.5724107030169971,1
2232,3.97,154,0.3205468550350395,0
2233,3.38,145,0.5492171150526404,0
2234,3.04,146,0.5616686609180948,0
2235,2.52,139,0.7463452500522811,0
2236,2.93,140,0.6896052525061398,1
2237,3.82,150,0.4082137110176675,0
2238,3.18,148,0.5183897992039443,0
2239,3.56,156,0.30727465755313943,0
2240,3.93,164,0.1251435073805598,0
2241,2.98,151,0.4715379691026155,1
2242,3.32,155,0.360663439050547,0
2243,2.66,144,0.64604094541449,1
2244,3.67,153,0.3670897776142206,0
2245,2.46,150,0.5452102032985569,1
2246,3.09,152,0.44283677550621825,0
2247,3.73,156,0.30345300144902776,0
2248,2.66,147,0.5867641350437002,1
2249,3.77,152,0.37486277639480553,0
2250,3.19,149,0.4866586727090674,1
2251,3.91,159,0.22722953239382274,0
2252,2.63,146,0.6030678104401611,0
2253,3.36,155,0.3494953463112058,1
2254,3.46,152,0.40782607294114365,0
2255,3.07,142,0.6428426165206736,1
2256,3.93,161,0.18592005146854643,0
2257,3.12,146,0.5538377628469235,0
2258,3.62,155,0.3287268882985485,0
2259,3,148,0.5263809810204303,0
2260,3.73,157,0.2784915497593416,0
2261,3.8,143,0.5492685024189222,0
2262,3.64,149,0.44461289424294753,0
2263,3.01,148,0.5251103782100331,0
2264,3.66,162,0.18641755520151043,1
2265,3.87,151,0.39169730621075194,0
2266,3.17,159,0.29872521429168303,0
2267,3.52,156,0.31635632253153323,1
2268,3.41,153,0.39033385987952746,0
2269,2.67,141,0.7025114966797156,0
2270,3.41,154,0.3735953174484318,1
2271,3.06,144,0.5954536813320394,1
2272,3.37,151,0.43343790145178834,0
2273,3.61,149,0.4500630008657358,0
2274,2.91,140,0.6934888195333633,1
2275,3.3,146,0.5360711801083834,0
2276,3.15,142,0.6318388793270969,1
2277,2.16,137,0.8283698335445757,1
2278,3.09,142,0.636671414550503,0
2279,3.96,170,0,0
2280,3.11,144,0.594498149331253,1
2281,2.82,148,0.5524648000637226,0
2282,3.55,151,0.41863267741134913,0
2283,3.72,155,0.3266772133874179,1
2284,2.86,136,0.7803440902436772,1
2285,3.27,138,0.7001957351386874,0
2286,3.25,148,0.5087134533542393,0
2287,3.22,138,0.7108624795830322,1
2288,3.81,156,0.2905422901923368,1
2289,3.09,144,0.6007646962474669,0
2290,3.17,143,0.6164797060508663,0
2291,2.01,139,0.8043156771529822,1
2292,3.44,147,0.5003113860390132,1
2293,3.3,155,0.35974712376934775,0
2294,3.25,144,0.578276025067966,1
2295,3.62,151,0.41626767749340265,1
2296,3.16,153,0.41994876873696385,1
2297,3.27,146,0.540863998107285,1
2298,3.16,141,0.6501369638090582,0
2299,2.29,149,0.5886533612337045,1
2300,2.95,141,0.6667606518715137,0
2301,2.14,141,0.7563305855447754,0
2302,3.24,146,0.5457254591627467,1
2303,3.6,158,0.2759642541147967,0
2304,3.87,158,0.2524462011618048,1
2305,3.7,150,0.4270588264145873,0
2306,3.2,139,0.685822727541688,1
2307,3.21,152,0.43436846456566436,0
2308,2.8,134,0.8259442009594945,1
2309,3.57,152,0.38557615213145024,0
2310,2.75,141,0.6937328562917809,0
2311,2.7,141,0.697215624175486,1
2312,3.25,143,0.6031047119966413,1
2313,3.52,148,0.4764068193924028,1
2314,3.33,155,0.3631326861804668,0
2315,3.16,148,0.508057432190057,0
2316,3.7,147,0.4779343915813283,1
2317,3.4,148,0.49259564440478903,0
2318,3.99,165,0.09488300717858003,0
2319,2.77,150,0.5150299953441918,0
2320,3.85,151,0.38669590228203193,1
2321,3.17,148,0.51538561750066,1
2322,3.26,140,0.6610891957017606,1
2323,3.65,155,0.32829952320932926,1
2324,3.65,159,0.24787655455275925,1
2325,3.34,157,0.3214104375560092,0
2326,3.55,154,0.36032142536046713,0
2327,3.6,151,0.40702381345282224,1
2328,3.98,145,0.4934840909432934,1
2329,3.45,147,0.4972880781732938,1
2330,2.94,140,0.6903171076962591,1
2331,2.6,142,0.6787331041858005,0
2332,3.54,143,0.5728822462678003,0
2333,3.08,148,0.5181323200121019,0
2334,3.42,158,0.29060140406527213,0
2335,3.3,141,0.6419998537216433,1
2336,3.54,142,0.5958034677856061,1
2337,3.71,151,0.3991077216307379,0
2338,3.39,149,0.471723620764665,0
2339,2.65,148,0.5619784280533795,1
2340,3.69,151,0.4090343233273041,0
2341,3.77,155,0.31215819592667526,1
2342,3.03,153,0.4275107852241867,0
2343,3.56,146,0.5107823153372677,0
2344,3.37,148,0.4947521769486411,0
2345,2.04,138,0.8193339198685131,1
2346,3.96,158,0.23569409864881963,0
2347,3.42,157,0.3129783643285647,0
2348,3.8,158,0.2538978616847561,0
2349,3.39,146,0.5294248557944696,1
2350,3.59,161,0.2156271383389245,0
2351,3.65,148,0.4653918191227676,0
2352,3.15,152,0.4387358395287838,0
2353,2.98,143,0.6277204226548048,1
2354,3.28,143,0.6004886846426897,1
2355,3.45,146,0.527482614771936,0
2356,3.71,161,0.20727360170072173,0
2357,3.41,154,0.3781096969221586,0
2358,3.73,164,0.14139878044113044,1
2359,2.86,149,0.5227236828606723,1
2360,3.57,153,0.37426932675038854,1
2361,3.09,148,0.5200385059466883,0
2362,3.65,153,0.36708384959138923,0
2363,3.69,157,0.2839966394117846,0
2364,3.96,157,0.262183020147691,0
2365,3.08,149,0.5055889542214053,1
2366,3.23,153,0.41092859377840685,0
2367,3.72,158,0.2548174790502215,0
2368,2.56,141,0.7160266560597329,0
2369,3.5,156,0.31842382819201415,0
2370,3.2,150,0.4751658103396181,0
2371,3.48,162,0.20724513831954042,0
2372,3.88,162,0.16972718647126517,0
2373,3.29,145,0.5585295205861119,1
2374,3.5,151,0.4226124840144625,0
2375,2.76,150,0.5124174238220665,0
2376,2.44,136,0.8201400218821396,1
2377,3.8,158,0.2548376526928127,0
2378,3.66,149,0.4404443910581625,0
2379,2.84,145,0.6103338662388644,0
2380,3.17,150,0.48290996107090295,1
2381,2.53,141,0.719010795688496,1
2382,3.01,144,0.6054458270778145,1
2383,2.53,136,0.814232055151864,0
2384,3.99,165,0.09582140374900074,0
2385,3.36,150,0.4494468591043627,0
2386,3.66,156,0.3075852081285801,0
2387,3.1,150,0.481804023314638,1
2388,3.01,144,0.6067638324932624,0
2389,3.26,155,0.3735671200491555,0
2390,3.74,150,0.40909096108883314,1
2391,3.88,161,0.18803240085620676,1
2392,3.29,146,0.5382073408616045,1
2393,3.47,149,0.4656893998748994,0
2394,3.6,158,0.2686501367608458,0
2395,2.89,157,0.3577220162842947,0
2396,3.26,142,0.630370174956023,0
2397,3.35,154,0.3746135744471556,0
2398,3.77,152,0.37247648642551434,0
2399,3.95,161,0.1839818387693255,0
2400,3.9,153,0.34614897104942727,1
2401,3.38,153,0.3917320365907744,0
2402,3.51,149,0.45947080894827463,0
2403,3.08,153,0.4231371702982865,0
2404,3.19,152,0.4249938538433001,0
2405,3.92,167,0.06344392305411145,0
2406,2.9,143,0.6371773561392716,1
2407,3.32,149,0.47997876276477974,0
2408,3.29,158,0.3015148477008207,1
2409,3.41,147,0.5088440183424322,1
2410,3.43,146,0.5280986433873781,0
2411,3.64,147,0.48389040018697926,0
2412,3.9,154,0.3297309996625008,1
2413,3.88,149,0.41865172249340665,0
2414,3.98,154,0.3252660199430523,0
2415,3.81,153,0.35404818430238516,0
2416,3.66,142,0.5837661396163302,1
2417,3.11,139,0.6960531099722898,1
2418,3.16,154,0.38851840893741196,0
2419,2.92,148,0.5400501264554881,1
2420,3.44,151,0.42637012890587334,1
2421,3.64,160,0.229320396422507,0
2422,3.63,156,0.31034799125610235,1
2423,3.33,151,0.44588702914611517,1
2424,3.01,147,0.5534265772794805,0
2425,2.72,156,0.39798472075524105,0
2426,3.32,146,0.5366853771400257,1
2427,3.71,159,0.24348579065663808,0
2428,3.28,139,0.6825520546409235,0
2429,3.6,151,0.41136425769629476,0
2430,3.84,149,0.4268101492732408,0
2431,3.53,151,0.4196154509841493,1
2432,3,139,0.7080392001540827,0
2433,3.18,154,0.39042086448915797,0
2434,2.94,140,0.6957385291901713,0
2435,3.92,159,0.22092536956067754,0
2436,3.73,160,0.22025261786561048,0
2437,3.17,144,0.5930648549720338,1
2438,2.89,155,0.4046430975008324,1
2439,3.69,158,0.2670326604074812,1
2440,3.68,154,0.3466091724788578,0
2441,3.01,141,0.665413893016044,1
2442,3.03,141,0.6644443584567652,0
2443,2.74,141,0.6933353243928295,1
2444,3.17,157,0.34008246112554075,0
2445,2.86,147,0.5597126412632464,0
2446,3.46,147,0.5026805150917277,1
2447,2.9,146,0.5786663002943105,1
2448,3.87,164,0.13437738812116978,0
2449,3.14,140,0.6717335202191886,0
2450,3.6,154,0.35654760604795477,0
2451,3.4,148,0.48993115069821325,0
2452,3.5,159,0.26574296762915756,0
2453,2.53,137,0.7926698436937707,0
2454,3.52,165,0.14949987173593704,0
2455,3.27,154,0.3885453694403548,0
2456,3.79,159,0.2359612269121313,0
2457,3.1,143,0.6269765273391059,0
2458,3.63,142,0.5844561643148458,0
2459,3.41,152,0.41337256371629644,0
2460,3.12,151,0.45517034939976403,0
2461,2.51,149,0.5605641988988769,1
2462,3.57,162,0.20231835752764135,0
2463,3.45,150,0.4447632910052288,0
2464,3.5,156,0.32152857872959617,0
2465,3.53,149,0.45383289233009433,0
2466,3.32,157,0.31996596052249726,1
2467,3.22,146,0.547451749579052,0
2468,3.92,147,0.45751606509797643,1
2469,3.88,154,0.3206977296551148,0
2470,3.16,143,0.6157044330311521,0
2471,3.56,147,0.4995032494932917,1
2472,3.74,152,0.38491848157237923,0
2473,3.66,155,0.32946723291787344,0
2474,2.89,139,0.7160518846885263,1
2475,3.63,152,0.38228095701328113,0
2476,3.45,142,0.6064986096868066,1
2477,3.35,146,0.5401193504923568,1
2478,3.09,142,0.6310839235856283,1
2479,3.2,150,0.4692420475000817,0
2480,3.75,147,0.47324581726665654,1
2481,2.92,140,0.6986189284530948,1
2482,3.16,153,0.4128862993441858,1
2483,3.73,154,0.33962163007972895,0
2484,3.35,158,0.29872067133677754,0
2485,3.97,153,0.3347573778189948,1
2486,3.92,154,0.31716245413891625,0
2487,3.55,150,0.4355938136737704,0
2488,3.43,148,0.48665945495837387,0
2489,3.36,156,0.3357653361088333,0
2490,3.14,155,0.37299049421797104,0
2491,3.2,146,0.5505043783996402,1
2492,3.17,146,0.552503523265006,0
2493,3.76,150,0.4184765931816344,0
2494,3.78,155,0.3186901309205393,0
2495,3.61,151,0.4103470196057866,0
2496,2.79,148,0.5535954308119695,1
2497,3.26,152,0.42484788256727346,0
2498,3.24,144,0.5819329078454136,1
2499,3.34,153,0.40734442591981446,0
2500,3.3,150,0.45985680944961704,1
